{
"vfeff": "Feff8L (EXAFS)",
"vf85e": " 0.1",
"natt": 127,
"nph": 2,
"iatph": [
    1,
    4,
    2,
    0,
    0,
    0,
    0,
    0,
    0,
    0,
    0,
    0
  ],
"x": [
    0.0000000000000000E+000,
    -0.1719470000000000E+001,
    0.1719470000000000E+001,
    0.0000000000000000E+000,
    0.0000000000000000E+000,
    0.0000000000000000E+000,
    0.0000000000000000E+000,
    0.0000000000000000E+000,
    0.0000000000000000E+000,
    -0.3438950000000000E+001,
    0.0000000000000000E+000,
    0.3438950000000000E+001,
    0.0000000000000000E+000,
    -0.1719470000000000E+001,
    -0.1719470000000000E+001,
    0.1719470000000000E+001,
    0.1719470000000000E+001,
    -0.3438950000000000E+001,
    -0.3438950000000000E+001,
    0.0000000000000000E+000,
    0.0000000000000000E+000,
    0.3438950000000000E+001,
    0.0000000000000000E+000,
    0.3438950000000000E+001,
    0.0000000000000000E+000,
    -0.3438950000000000E+001,
    -0.3438950000000000E+001,
    -0.3438950000000000E+001,
    -0.3438950000000000E+001,
    0.3438950000000000E+001,
    0.3438950000000000E+001,
    0.3438950000000000E+001,
    0.3438950000000000E+001,
    0.0000000000000000E+000,
    0.0000000000000000E+000,
    -0.3438950000000000E+001,
    -0.3438950000000000E+001,
    0.3438950000000000E+001,
    0.3438950000000000E+001,
    -0.1719470000000000E+001,
    -0.1719470000000000E+001,
    0.1719470000000000E+001,
    0.1719470000000000E+001,
    -0.5158420000000000E+001,
    0.5158420000000000E+001,
    -0.3438950000000000E+001,
    -0.3438950000000000E+001,
    -0.3438950000000000E+001,
    -0.3438950000000000E+001,
    0.3438950000000000E+001,
    0.3438950000000000E+001,
    0.3438950000000000E+001,
    0.3438950000000000E+001,
    0.0000000000000000E+000,
    0.0000000000000000E+000,
    0.0000000000000000E+000,
    0.0000000000000000E+000,
    -0.3438950000000000E+001,
    -0.3438950000000000E+001,
    0.0000000000000000E+000,
    0.0000000000000000E+000,
    0.3438950000000000E+001,
    0.0000000000000000E+000,
    0.3438950000000000E+001,
    0.0000000000000000E+000,
    -0.1719470000000000E+001,
    -0.1719470000000000E+001,
    -0.1719470000000000E+001,
    -0.1719470000000000E+001,
    0.1719470000000000E+001,
    0.1719470000000000E+001,
    0.1719470000000000E+001,
    0.1719470000000000E+001,
    -0.5158420000000000E+001,
    -0.5158420000000000E+001,
    0.5158420000000000E+001,
    0.5158420000000000E+001,
    -0.3438950000000000E+001,
    -0.3438950000000000E+001,
    -0.3438950000000000E+001,
    -0.3438950000000000E+001,
    0.3438950000000000E+001,
    0.3438950000000000E+001,
    0.3438950000000000E+001,
    0.3438950000000000E+001,
    -0.3438950000000000E+001,
    -0.3438950000000000E+001,
    -0.3438950000000000E+001,
    -0.3438950000000000E+001,
    0.3438950000000000E+001,
    0.3438950000000000E+001,
    0.3438950000000000E+001,
    0.3438950000000000E+001,
    -0.6877900000000000E+001,
    0.0000000000000000E+000,
    0.6877900000000000E+001,
    0.0000000000000000E+000,
    -0.5158420000000000E+001,
    -0.5158420000000000E+001,
    0.5158420000000000E+001,
    0.5158420000000000E+001,
    -0.1719470000000000E+001,
    -0.1719470000000000E+001,
    0.1719470000000000E+001,
    0.1719470000000000E+001,
    0.0000000000000000E+000,
    0.0000000000000000E+000,
    -0.6877900000000000E+001,
    -0.6877900000000000E+001,
    0.0000000000000000E+000,
    0.0000000000000000E+000,
    0.6877900000000000E+001,
    0.0000000000000000E+000,
    0.6877900000000000E+001,
    0.0000000000000000E+000,
    0.0000000000000000E+000,
    0.0000000000000000E+000,
    0.0000000000000000E+000,
    0.0000000000000000E+000,
    -0.6877900000000000E+001,
    -0.6877900000000000E+001,
    -0.6877900000000000E+001,
    -0.6877900000000000E+001,
    0.6877900000000000E+001,
    0.6877900000000000E+001,
    0.6877900000000000E+001,
    0.6877900000000000E+001
  ],
"y": [
    0.0000000000000000E+000,
    0.0000000000000000E+000,
    0.0000000000000000E+000,
    0.0000000000000000E+000,
    0.0000000000000000E+000,
    -0.1719470000000000E+001,
    -0.1719470000000000E+001,
    0.1719470000000000E+001,
    0.1719470000000000E+001,
    0.0000000000000000E+000,
    -0.3438950000000000E+001,
    0.0000000000000000E+000,
    0.3438950000000000E+001,
    -0.3438950000000000E+001,
    0.3438950000000000E+001,
    -0.3438950000000000E+001,
    0.3438950000000000E+001,
    0.0000000000000000E+000,
    0.0000000000000000E+000,
    -0.3438950000000000E+001,
    -0.3438950000000000E+001,
    0.0000000000000000E+000,
    0.3438950000000000E+001,
    0.0000000000000000E+000,
    0.3438950000000000E+001,
    -0.1719470000000000E+001,
    -0.1719470000000000E+001,
    0.1719470000000000E+001,
    0.1719470000000000E+001,
    -0.1719470000000000E+001,
    -0.1719470000000000E+001,
    0.1719470000000000E+001,
    0.1719470000000000E+001,
    0.0000000000000000E+000,
    0.0000000000000000E+000,
    -0.3438950000000000E+001,
    0.3438950000000000E+001,
    -0.3438950000000000E+001,
    0.3438950000000000E+001,
    0.0000000000000000E+000,
    0.0000000000000000E+000,
    0.0000000000000000E+000,
    0.0000000000000000E+000,
    0.0000000000000000E+000,
    0.0000000000000000E+000,
    -0.3438950000000000E+001,
    -0.3438950000000000E+001,
    0.3438950000000000E+001,
    0.3438950000000000E+001,
    -0.3438950000000000E+001,
    -0.3438950000000000E+001,
    0.3438950000000000E+001,
    0.3438950000000000E+001,
    -0.5158420000000000E+001,
    -0.5158420000000000E+001,
    0.5158420000000000E+001,
    0.5158420000000000E+001,
    0.0000000000000000E+000,
    0.0000000000000000E+000,
    -0.3438950000000000E+001,
    -0.3438950000000000E+001,
    0.0000000000000000E+000,
    0.3438950000000000E+001,
    0.0000000000000000E+000,
    0.3438950000000000E+001,
    -0.3438950000000000E+001,
    -0.3438950000000000E+001,
    0.3438950000000000E+001,
    0.3438950000000000E+001,
    -0.3438950000000000E+001,
    -0.3438950000000000E+001,
    0.3438950000000000E+001,
    0.3438950000000000E+001,
    -0.3438950000000000E+001,
    0.3438950000000000E+001,
    -0.3438950000000000E+001,
    0.3438950000000000E+001,
    -0.5158420000000000E+001,
    -0.5158420000000000E+001,
    0.5158420000000000E+001,
    0.5158420000000000E+001,
    -0.5158420000000000E+001,
    -0.5158420000000000E+001,
    0.5158420000000000E+001,
    0.5158420000000000E+001,
    -0.3438950000000000E+001,
    -0.3438950000000000E+001,
    0.3438950000000000E+001,
    0.3438950000000000E+001,
    -0.3438950000000000E+001,
    -0.3438950000000000E+001,
    0.3438950000000000E+001,
    0.3438950000000000E+001,
    0.0000000000000000E+000,
    -0.6877900000000000E+001,
    0.0000000000000000E+000,
    0.6877900000000000E+001,
    0.0000000000000000E+000,
    0.0000000000000000E+000,
    0.0000000000000000E+000,
    0.0000000000000000E+000,
    -0.6877900000000000E+001,
    0.6877900000000000E+001,
    -0.6877900000000000E+001,
    0.6877900000000000E+001,
    0.0000000000000000E+000,
    0.0000000000000000E+000,
    0.0000000000000000E+000,
    0.0000000000000000E+000,
    -0.6877900000000000E+001,
    -0.6877900000000000E+001,
    0.0000000000000000E+000,
    0.6877900000000000E+001,
    0.0000000000000000E+000,
    0.6877900000000000E+001,
    -0.1719470000000000E+001,
    -0.1719470000000000E+001,
    0.1719470000000000E+001,
    0.1719470000000000E+001,
    -0.1719470000000000E+001,
    -0.1719470000000000E+001,
    0.1719470000000000E+001,
    0.1719470000000000E+001,
    -0.1719470000000000E+001,
    -0.1719470000000000E+001,
    0.1719470000000000E+001,
    0.1719470000000000E+001
  ],