{
"vfeff": "Feff8L (EXAFS)",
"vf85e": " 0.1",
"ntitle": 15,
"title": [
    "comment: None given                            Feff8L (EXAFS)       0.1",
    "Source:",
    "Structure Summary:  Fe2 N2",
    "Reduced formula:  FeN",
    "space group: (P4_2\/mmc), space number:  (131)",
    "abc:  3.438948   3.438948   4.764827",
    "angles: 90.000000  90.000000  90.000000",
    "sites: 4",
    "mp-1417269",
    "POT  Non-SCF, core-hole, AFOLP (folp(0)= 1.150)",
    "Abs   Z=26 Rmt= 1.138 Rnm= 1.339 K  shell",
    "Pot 1 Z=26 Rmt= 1.141 Rnm= 1.347",
    "Pot 2 Z= 7 Rmt= 0.888 Rnm= 1.094",
    "Gam_ch=1.309E+00 H-L exch",
    "Mu=-9.454E-01 kf=2.278E+00 Vint=-2.072E+01 Rs_int= 1.592"
  ],
"s02": 0.9411979606977590E+000,
"erelax": 0.2415949813548446E+001,
"wp": 0.8621920212836838E+000,
"edge": -0.3474314982773671E-001,
"emu": 0.2615482352487754E+003,
"gamach": 0.1308926501256764E+001,
"ne": 79,
"ne1": 59,
"ik0": 1,
"ereal": [
    -0.9454092615132400E+000,
    -0.9073094407017994E+000,
    -0.7930099782674777E+000,
    -0.6025108742102745E+000,
    -0.3358121285301904E+000,
    0.7086258772774983E-002,
    0.4261842876986219E+000,
    0.9214819582473496E+000,
    0.1492979270418958E+001,
    0.2140676224213448E+001,
    0.2864572819630820E+001,
    0.3664669056671072E+001,
    0.4540964935334207E+001,
    0.5493460455620222E+001,
    0.6522155617529118E+001,
    0.7627050421060896E+001,
    0.8808144866215553E+001,
    0.1006543895299309E+002,
    0.1139893268139351E+002,
    0.1280862605141681E+002,
    0.1429451906306300E+002,
    0.1749490401122401E+002,
    0.2100008752587654E+002,
    0.2481006960702061E+002,
    0.2892485025465620E+002,
    0.3334442946878330E+002,
    0.3806880724940194E+002,
    0.4309798359651209E+002,
    0.4843195851011378E+002,
    0.5407073199020698E+002,
    0.6001430403679172E+002,
    0.6626267464986796E+002,
    0.7281584382943578E+002,
    0.7967381157549507E+002,
    0.8683657788804592E+002,
    0.9430414276708824E+002,
    0.1020765062126221E+003,
    0.1101536682246475E+003,
    0.1185356288031645E+003,
    0.1272223879481729E+003,
    0.1362139456596729E+003,
    0.1600263336668233E+003,
    0.1857437127145457E+003,
    0.2133660828028401E+003,
    0.2428934439317066E+003,
    0.2743257961011451E+003,
    0.3076631393111556E+003,
    0.3429054735617382E+003,
    0.3800527988528926E+003,
    0.4600624225569180E+003,
    0.5476920104232314E+003,
    0.6429415624518327E+003,
    0.7458110786427225E+003,
    0.8563005589959002E+003,
    0.9744100035113660E+003,
    0.1100139412189120E+004,
    0.1233488785029162E+004,
    0.1374458122031492E+004,
    0.1523047423196110E+004,
    -0.9454092615132400E+000,
    -0.9454092615132400E+000,
    -0.9454092615132400E+000,
    -0.9454092615132400E+000,
    -0.9454092615132400E+000,
    -0.9454092615132400E+000,
    -0.9454092615132400E+000,
    -0.9454092615132400E+000,
    -0.9454092615132400E+000,
    -0.9454092615132400E+000,
    -0.9454092615132400E+000,
    -0.9454092615132400E+000,
    -0.9454092615132400E+000,
    -0.9454092615132400E+000,
    -0.9454092615132400E+000,
    -0.9454092615132400E+000,
    -0.9454092615132400E+000,
    -0.9454092615132400E+000,
    -0.9454092615132400E+000,
    -0.9454092615132400E+000
  ],
"eimag": [
    0.6544632506283820E+000,
    0.6544632506283820E+000,
    0.6544632506283820E+000,
    0.6544632506283820E+000,
    0.6544632506283820E+000,
    0.6544632506283820E+000,
    0.6544632506283820E+000,
    0.6544632506283820E+000,
    0.6544632506283820E+000,
    0.6544632506283820E+000,
    0.6544632506283820E+000,
    0.6544632506283820E+000,
    0.6544632506283820E+000,
    0.6544632506283820E+000,
    0.6544632506283820E+000,
    0.6544632506283820E+000,
    0.6544632506283820E+000,
    0.6544632506283820E+000,
    0.6544632506283820E+000,
    0.6544632506283820E+000,
    0.6544632506283820E+000,
    0.6544632506283820E+000,
    0.6544632506283820E+000,
    0.6544632506283820E+000,
    0.6544632506283820E+000,
    0.6544632506283820E+000,
    0.6544632506283820E+000,
    0.6544632506283820E+000,
    0.6544632506283820E+000,
    0.6544632506283820E+000,
    0.6544632506283820E+000,
    0.6544632506283820E+000,
    0.6544632506283820E+000,
    0.6544632506283820E+000,
    0.6544632506283820E+000,
    0.6544632506283820E+000,
    0.6544632506283820E+000,
    0.6544632506283820E+000,
    0.6544632506283820E+000,
    0.6544632506283820E+000,
    0.6544632506283820E+000,
    0.6544632506283820E+000,
    0.6544632506283820E+000,
    0.6544632506283820E+000,
    0.6544632506283820E+000,
    0.6544632506283820E+000,
    0.6544632506283820E+000,
    0.6544632506283820E+000,
    0.6544632506283820E+000,
    0.6544632506283820E+000,
    0.6544632506283820E+000,
    0.6544632506283820E+000,
    0.6544632506283820E+000,
    0.6544632506283820E+000,
    0.6544632506283820E+000,
    0.6544632506283820E+000,
    0.6544632506283820E+000,
    0.6544632506283820E+000,
    0.6544632506283820E+000,
    0.5000000000000000E-002,
    0.1000000000000000E-001,
    0.1435283327037411E-001,
    0.2141191115387143E-001,
    0.3194281788304599E-001,
    0.4765308463018525E-001,
    0.7109004857009996E-001,
    0.1060538902133926E+000,
    0.1582138127012749E+000,
    0.2360272732957520E+000,
    0.3521113156195287E+000,
    0.5252883569601733E+000,
    0.7836381442965901E+000,
    0.1169050737675427E+001,
    0.1744018763259949E+001,
    0.2601770264180974E+001,
    0.3881385137693830E+001,
    0.5790346209469416E+001,
    0.8638181483179990E+001,
    0.1288665247931541E+002
  ],
"xsnorm": [
    0.2983651236224929E-003,
    0.2985895585783925E-003,
    0.2992563372106608E-003,
    0.3003462495452396E-003,
    0.3018296600301625E-003,
    0.3036650501481532E-003,
    0.3058016301621101E-003,
    0.3081805709223868E-003,
    0.3107368344576093E-003,
    0.3134007746248268E-003,
    0.3161005598478643E-003,
    0.3187639756083591E-003,
    0.3213203389277515E-003,
    0.3237024455347373E-003,
    0.3258481886665920E-003,
    0.3277025610891512E-003,
    0.3292179092222666E-003,
    0.3303559643296635E-003,
    0.3310881906795283E-003,
    0.3313954233312240E-003,
    0.3312700881015829E-003,
    0.3297358897221609E-003,
    0.3264883202423199E-003,
    0.3209300318776778E-003,
    0.3187223006882319E-003,
    0.3186374043931647E-003,
    0.3180351458215086E-003,
    0.3175323413736115E-003,
    0.3170463376892254E-003,
    0.3167714013434796E-003,
    0.3169378152867190E-003,
    0.3172548773070327E-003,
    0.3178400207961676E-003,
    0.3188122643778993E-003,
    0.3198823067838772E-003,
    0.3210015287829735E-003,
    0.3219493315628379E-003,
    0.3225555276401373E-003,
    0.3227663688744910E-003,
    0.3224002359885474E-003,
    0.3214817663838996E-003,
    0.3169973589594823E-003,
    0.3106486954839856E-003,
    0.3044922901640444E-003,
    0.3000175354099141E-003,
    0.2975497366451418E-003,
    0.2956238800090142E-003,
    0.2936732029287127E-003,
    0.2893754309557231E-003,
    0.2806379323926504E-003,
    0.2736122775616301E-003,
    0.2654314135420213E-003,
    0.2556110451927030E-003,
    0.2466257721948336E-003,
    0.2374077366550712E-003,
    0.2273451361307614E-003,
    0.2179028867642241E-003,
    0.2084162800325630E-003,
    0.1987557725347455E-003,
    0.2981661729848131E-003,
    0.2981662078373810E-003,
    0.2981662570975849E-003,
    0.2981663744191861E-003,
    0.2981666355232749E-003,
    0.2981672166195004E-003,
    0.2981685098684342E-003,
    0.2981713880243598E-003,
    0.2981777933503857E-003,
    0.2981920480818979E-003,
    0.2982237695882855E-003,
    0.2982943525046130E-003,
    0.2984513652241395E-003,
    0.2988004448882907E-003,
    0.2995755617580175E-003,
    0.3012918491497213E-003,
    0.3050683233505433E-003,
    0.3132614043626209E-003,
    0.3304710016099302E-003,
    0.3639186075741873E-003
  ],