{
"vfeff": "Feff8L (EXAFS)",
"vf85e": " 0.1",
"natt": 125,
"nph": 2,
"iatph": [
    1,
    16,
    2,
    0,
    0,
    0,
    0,
    0,
    0,
    0,
    0,
    0
  ],
"x": [
    0.0000000000000000E+000,
    -0.6185830000000000E+000,
    0.6185830000000000E+000,
    -0.2079830000000000E+001,
    0.2079830000000000E+001,
    0.6185830000000000E+000,
    -0.6185830000000000E+000,
    -0.3316990000000000E+001,
    -0.6185830000000000E+000,
    -0.6185830000000000E+000,
    0.6185830000000000E+000,
    0.6185830000000000E+000,
    0.3316990000000000E+001,
    -0.2079830000000000E+001,
    0.2079830000000000E+001,
    -0.2698410000000000E+001,
    -0.2698410000000000E+001,
    -0.2698410000000000E+001,
    -0.2698410000000000E+001,
    0.0000000000000000E+000,
    0.0000000000000000E+000,
    0.2698410000000000E+001,
    0.0000000000000000E+000,
    0.2698410000000000E+001,
    0.0000000000000000E+000,
    0.2698410000000000E+001,
    0.2698410000000000E+001,
    -0.2079830000000000E+001,
    -0.3316990000000000E+001,
    -0.2079830000000000E+001,
    0.2079830000000000E+001,
    0.3316990000000000E+001,
    0.2079830000000000E+001,
    -0.3316990000000000E+001,
    -0.2079830000000000E+001,
    -0.3316990000000000E+001,
    0.3316990000000000E+001,
    0.2079830000000000E+001,
    0.3316990000000000E+001,
    -0.6185830000000000E+000,
    -0.2079830000000000E+001,
    -0.6185830000000000E+000,
    -0.4778240000000000E+001,
    -0.2079830000000000E+001,
    -0.4778240000000000E+001,
    0.4778240000000000E+001,
    0.2079830000000000E+001,
    0.4778240000000000E+001,
    0.6185830000000000E+000,
    0.2079830000000000E+001,
    0.6185830000000000E+000,
    -0.5396820000000000E+001,
    0.0000000000000000E+000,
    0.0000000000000000E+000,
    0.5396820000000000E+001,
    0.0000000000000000E+000,
    0.0000000000000000E+000,
    -0.3316990000000000E+001,
    0.3316990000000000E+001,
    -0.4778240000000000E+001,
    -0.3316990000000000E+001,
    -0.3316990000000000E+001,
    -0.6185830000000000E+000,
    -0.4778240000000000E+001,
    -0.6185830000000000E+000,
    0.6185830000000000E+000,
    0.4778240000000000E+001,
    0.6185830000000000E+000,
    0.3316990000000000E+001,
    0.3316990000000000E+001,
    0.4778240000000000E+001,
    -0.6185830000000000E+000,
    -0.6015410000000000E+001,
    0.6015410000000000E+001,
    0.6185830000000000E+000,
    -0.2079830000000000E+001,
    -0.2079830000000000E+001,
    0.2079830000000000E+001,
    0.2079830000000000E+001,
    0.6015410000000000E+001,
    0.6185830000000000E+000,
    -0.6185830000000000E+000,
    -0.6015410000000000E+001,
    -0.5396820000000000E+001,
    -0.2698410000000000E+001,
    -0.2698410000000000E+001,
    -0.5396820000000000E+001,
    -0.2698410000000000E+001,
    -0.2698410000000000E+001,
    -0.5396820000000000E+001,
    -0.2698410000000000E+001,
    -0.2698410000000000E+001,
    -0.5396820000000000E+001,
    -0.2698410000000000E+001,
    -0.2698410000000000E+001,
    0.5396820000000000E+001,
    0.2698410000000000E+001,
    0.2698410000000000E+001,
    0.5396820000000000E+001,
    0.2698410000000000E+001,
    0.2698410000000000E+001,
    0.5396820000000000E+001,
    0.2698410000000000E+001,
    0.2698410000000000E+001,
    0.5396820000000000E+001,
    0.2698410000000000E+001,
    0.2698410000000000E+001,
    -0.3316990000000000E+001,
    -0.3316990000000000E+001,
    -0.6185830000000000E+000,
    -0.6015410000000000E+001,
    -0.6185830000000000E+000,
    -0.6015410000000000E+001,
    0.6015410000000000E+001,
    0.6185830000000000E+000,
    0.6015410000000000E+001,
    0.6185830000000000E+000,
    0.3316990000000000E+001,
    0.3316990000000000E+001,
    -0.2079830000000000E+001,
    -0.4778240000000000E+001,
    -0.4778240000000000E+001,
    0.4778240000000000E+001,
    0.4778240000000000E+001,
    0.2079830000000000E+001
  ],
"y": [
    0.0000000000000000E+000,
    -0.6185830000000000E+000,
    0.6185830000000000E+000,
    0.6185830000000000E+000,
    -0.6185830000000000E+000,
    0.2079830000000000E+001,
    -0.2079830000000000E+001,
    -0.6185830000000000E+000,
    -0.6185830000000000E+000,
    0.3316990000000000E+001,
    -0.3316990000000000E+001,
    0.6185830000000000E+000,
    0.6185830000000000E+000,
    0.2079830000000000E+001,
    -0.2079830000000000E+001,
    -0.2698410000000000E+001,
    0.0000000000000000E+000,
    0.2698410000000000E+001,
    0.0000000000000000E+000,
    -0.2698410000000000E+001,
    -0.2698410000000000E+001,
    -0.2698410000000000E+001,
    0.2698410000000000E+001,
    0.0000000000000000E+000,
    0.2698410000000000E+001,
    0.2698410000000000E+001,
    0.0000000000000000E+000,
    -0.3316990000000000E+001,
    -0.2079830000000000E+001,
    0.2079830000000000E+001,
    -0.2079830000000000E+001,
    0.2079830000000000E+001,
    0.3316990000000000E+001,
    -0.2079830000000000E+001,
    -0.3316990000000000E+001,
    0.3316990000000000E+001,
    -0.3316990000000000E+001,
    0.3316990000000000E+001,
    0.2079830000000000E+001,
    -0.2079830000000000E+001,
    -0.4778240000000000E+001,
    0.4778240000000000E+001,
    0.2079830000000000E+001,
    0.6185830000000000E+000,
    0.6185830000000000E+000,
    -0.6185830000000000E+000,
    -0.6185830000000000E+000,
    -0.2079830000000000E+001,
    -0.4778240000000000E+001,
    0.4778240000000000E+001,
    0.2079830000000000E+001,
    0.0000000000000000E+000,
    -0.5396820000000000E+001,
    0.0000000000000000E+000,
    0.0000000000000000E+000,
    0.5396820000000000E+001,
    0.0000000000000000E+000,
    0.3316990000000000E+001,
    -0.3316990000000000E+001,
    -0.3316990000000000E+001,
    -0.6185830000000000E+000,
    0.4778240000000000E+001,
    0.3316990000000000E+001,
    0.6185830000000000E+000,
    0.4778240000000000E+001,
    -0.4778240000000000E+001,
    -0.6185830000000000E+000,
    -0.3316990000000000E+001,
    -0.4778240000000000E+001,
    0.6185830000000000E+000,
    0.3316990000000000E+001,
    -0.6015410000000000E+001,
    -0.6185830000000000E+000,
    0.6185830000000000E+000,
    0.6015410000000000E+001,
    0.6015410000000000E+001,
    0.6185830000000000E+000,
    -0.6185830000000000E+000,
    -0.6015410000000000E+001,
    0.2079830000000000E+001,
    0.2079830000000000E+001,
    -0.2079830000000000E+001,
    -0.2079830000000000E+001,
    -0.2698410000000000E+001,
    -0.2698410000000000E+001,
    -0.5396820000000000E+001,
    -0.2698410000000000E+001,
    -0.2698410000000000E+001,
    -0.5396820000000000E+001,
    0.2698410000000000E+001,
    0.5396820000000000E+001,
    0.2698410000000000E+001,
    0.2698410000000000E+001,
    0.2698410000000000E+001,
    0.5396820000000000E+001,
    -0.2698410000000000E+001,
    -0.2698410000000000E+001,
    -0.5396820000000000E+001,
    -0.2698410000000000E+001,
    -0.2698410000000000E+001,
    -0.5396820000000000E+001,
    0.2698410000000000E+001,
    0.5396820000000000E+001,
    0.2698410000000000E+001,
    0.2698410000000000E+001,
    0.2698410000000000E+001,
    0.5396820000000000E+001,
    -0.6185830000000000E+000,
    -0.6015410000000000E+001,
    -0.6015410000000000E+001,
    -0.6185830000000000E+000,
    0.3316990000000000E+001,
    0.3316990000000000E+001,
    -0.3316990000000000E+001,
    -0.3316990000000000E+001,
    0.6185830000000000E+000,
    0.6015410000000000E+001,
    0.6015410000000000E+001,
    0.6185830000000000E+000,
    -0.4778240000000000E+001,
    -0.4778240000000000E+001,
    0.2079830000000000E+001,
    -0.2079830000000000E+001,
    0.4778240000000000E+001,
    0.4778240000000000E+001
  ],