{
"vfeff": "Feff8L (EXAFS)",
"vf85e": " 0.1",
"ntitle": 15,
"title": [
    "comment: None given                            Feff8L (EXAFS)       0.1",
    "Source:",
    "Structure Summary:  Fe4 S8",
    "Reduced formula:  FeS2",
    "space group: (Pa-3), space number:  (205)",
    "abc:  5.396824   5.396824   5.396824",
    "angles: 90.000000  90.000000  90.000000",
    "sites: 12",
    "mp-226",
    "POT  Non-SCF, core-hole, AFOLP (folp(0)= 1.150)",
    "Abs   Z=26 Rmt= 1.298 Rnm= 1.379 K  shell",
    "Pot 1 Z=26 Rmt= 1.302 Rnm= 1.388",
    "Pot 2 Z=16 Rmt= 1.274 Rnm= 1.379",
    "Gam_ch=1.309E+00 H-L exch",
    "Mu=-7.463E-01 kf=2.171E+00 Vint=-1.870E+01 Rs_int= 1.671"
  ],
"s02": 0.9411979606977590E+000,
"erelax": 0.2415949813548446E+001,
"wp": 0.8021367695864221E+000,
"edge": -0.2742769872005025E-001,
"emu": 0.2615071831589960E+003,
"gamach": 0.1308926501256764E+001,
"ne": 79,
"ne1": 59,
"ik0": 1,
"ereal": [
    -0.7463456975115472E+000,
    -0.7082458767001066E+000,
    -0.5939464142657849E+000,
    -0.4034473102085818E+000,
    -0.1367485645284977E+000,
    0.2061498227744678E+000,
    0.6252478517003146E+000,
    0.1120545522249042E+001,
    0.1692042834420651E+001,
    0.2339739788215141E+001,
    0.3063636383632513E+001,
    0.3863732620672765E+001,
    0.4740028499335900E+001,
    0.5692524019621915E+001,
    0.6721219181530811E+001,
    0.7826113985062588E+001,
    0.9007208430217245E+001,
    0.1026450251699479E+002,
    0.1159799624539521E+002,
    0.1300768961541851E+002,
    0.1449358262706469E+002,
    0.1769396757522570E+002,
    0.2119915108987824E+002,
    0.2500913317102230E+002,
    0.2912391381865788E+002,
    0.3354349303278499E+002,
    0.3826787081340362E+002,
    0.4329704716051378E+002,
    0.4863102207411546E+002,
    0.5426979555420866E+002,
    0.6021336760079341E+002,
    0.6646173821386967E+002,
    0.7301490739343747E+002,
    0.7987287513949676E+002,
    0.8703564145204761E+002,
    0.9450320633108993E+002,
    0.1022755697766239E+003,
    0.1103527317886492E+003,
    0.1187346923671662E+003,
    0.1274214515121746E+003,
    0.1364130092236746E+003,
    0.1602253972308250E+003,
    0.1859427762785474E+003,
    0.2135651463668418E+003,
    0.2430925074957083E+003,
    0.2745248596651468E+003,
    0.3078622028751573E+003,
    0.3431045371257399E+003,
    0.3802518624168944E+003,
    0.4602614861209197E+003,
    0.5478910739872331E+003,
    0.6431406260158344E+003,
    0.7460101422067241E+003,
    0.8564996225599020E+003,
    0.9746090670753676E+003,
    0.1100338475753122E+004,
    0.1233687848593164E+004,
    0.1374657185595494E+004,
    0.1523246486760112E+004,
    -0.7463456975115472E+000,
    -0.7463456975115472E+000,
    -0.7463456975115472E+000,
    -0.7463456975115472E+000,
    -0.7463456975115472E+000,
    -0.7463456975115472E+000,
    -0.7463456975115472E+000,
    -0.7463456975115472E+000,
    -0.7463456975115472E+000,
    -0.7463456975115472E+000,
    -0.7463456975115472E+000,
    -0.7463456975115472E+000,
    -0.7463456975115472E+000,
    -0.7463456975115472E+000,
    -0.7463456975115472E+000,
    -0.7463456975115472E+000,
    -0.7463456975115472E+000,
    -0.7463456975115472E+000,
    -0.7463456975115472E+000,
    -0.7463456975115472E+000
  ],
"eimag": [
    0.6544632506283820E+000,
    0.6544632506283820E+000,
    0.6544632506283820E+000,
    0.6544632506283820E+000,
    0.6544632506283820E+000,
    0.6544632506283820E+000,
    0.6544632506283820E+000,
    0.6544632506283820E+000,
    0.6544632506283820E+000,
    0.6544632506283820E+000,
    0.6544632506283820E+000,
    0.6544632506283820E+000,
    0.6544632506283820E+000,
    0.6544632506283820E+000,
    0.6544632506283820E+000,
    0.6544632506283820E+000,
    0.6544632506283820E+000,
    0.6544632506283820E+000,
    0.6544632506283820E+000,
    0.6544632506283820E+000,
    0.6544632506283820E+000,
    0.6544632506283820E+000,
    0.6544632506283820E+000,
    0.6544632506283820E+000,
    0.6544632506283820E+000,
    0.6544632506283820E+000,
    0.6544632506283820E+000,
    0.6544632506283820E+000,
    0.6544632506283820E+000,
    0.6544632506283820E+000,
    0.6544632506283820E+000,
    0.6544632506283820E+000,
    0.6544632506283820E+000,
    0.6544632506283820E+000,
    0.6544632506283820E+000,
    0.6544632506283820E+000,
    0.6544632506283820E+000,
    0.6544632506283820E+000,
    0.6544632506283820E+000,
    0.6544632506283820E+000,
    0.6544632506283820E+000,
    0.6544632506283820E+000,
    0.6544632506283820E+000,
    0.6544632506283820E+000,
    0.6544632506283820E+000,
    0.6544632506283820E+000,
    0.6544632506283820E+000,
    0.6544632506283820E+000,
    0.6544632506283820E+000,
    0.6544632506283820E+000,
    0.6544632506283820E+000,
    0.6544632506283820E+000,
    0.6544632506283820E+000,
    0.6544632506283820E+000,
    0.6544632506283820E+000,
    0.6544632506283820E+000,
    0.6544632506283820E+000,
    0.6544632506283820E+000,
    0.6544632506283820E+000,
    0.5000000000000000E-002,
    0.1000000000000000E-001,
    0.1435283327037411E-001,
    0.2141191115387143E-001,
    0.3194281788304599E-001,
    0.4765308463018525E-001,
    0.7109004857009996E-001,
    0.1060538902133926E+000,
    0.1582138127012749E+000,
    0.2360272732957520E+000,
    0.3521113156195287E+000,
    0.5252883569601733E+000,
    0.7836381442965901E+000,
    0.1169050737675427E+001,
    0.1744018763259949E+001,
    0.2601770264180974E+001,
    0.3881385137693830E+001,
    0.5790346209469416E+001,
    0.8638181483179990E+001,
    0.1288665247931541E+002
  ],
"xsnorm": [
    0.3017524680685391E-003,
    0.3019470438443266E-003,
    0.3025227388301909E-003,
    0.3034575534235397E-003,
    0.3047161700615946E-003,
    0.3062509666259339E-003,
    0.3080046755320130E-003,
    0.3099130836053317E-003,
    0.3119066024496948E-003,
    0.3139146152780786E-003,
    0.3158669958141496E-003,
    0.3176965580223371E-003,
    0.3193426224688058E-003,
    0.3207502412965282E-003,
    0.3218754176604296E-003,
    0.3226820949742528E-003,
    0.3231454602617994E-003,
    0.3232495704630821E-003,
    0.3229900179961193E-003,
    0.3223714814298401E-003,
    0.3214080459539816E-003,
    0.3185457296083407E-003,
    0.3134606697070939E-003,
    0.3106462261602571E-003,
    0.3121193347013579E-003,
    0.3128551652623214E-003,
    0.3137879915106491E-003,
    0.3150867793292342E-003,
    0.3165451737999860E-003,
    0.3179003851638418E-003,
    0.3195607971434325E-003,
    0.3212550842448390E-003,
    0.3228406821596891E-003,
    0.3242026529742634E-003,
    0.3251463508019155E-003,
    0.3255764979846878E-003,
    0.3253332458648603E-003,
    0.3245476300312455E-003,
    0.3232301155722268E-003,
    0.3214211987423592E-003,
    0.3193761467996070E-003,
    0.3138978086856373E-003,
    0.3092284952005440E-003,
    0.3057546306096356E-003,
    0.3024094937526371E-003,
    0.2992973783906547E-003,
    0.2954293311096148E-003,
    0.2916140415459129E-003,
    0.2881527154163879E-003,
    0.2819780551329697E-003,
    0.2736933851959354E-003,
    0.2647135538396558E-003,
    0.2563218924796633E-003,
    0.2466830847598579E-003,
    0.2371532769388415E-003,
    0.2277037005328607E-003,
    0.2179133185199075E-003,
    0.2083795698296388E-003,
    0.1989256168192938E-003,
    0.3015282271247034E-003,
    0.3015282664214290E-003,
    0.3015283219628413E-003,
    0.3015284542445665E-003,
    0.3015287486428089E-003,
    0.3015294038365709E-003,
    0.3015308619848286E-003,
    0.3015341071027118E-003,
    0.3015413289885764E-003,
    0.3015574003520175E-003,
    0.3015931615410993E-003,
    0.3016727187121437E-003,
    0.3018496234794762E-003,
    0.3022425753146010E-003,
    0.3031133593567322E-003,
    0.3050327848942297E-003,
    0.3092133190854112E-003,
    0.3180703801214532E-003,
    0.3356297312694743E-003,
    0.3648680797551725E-003
  ],