{
"vfeff": "Feff8L (EXAFS)",
"vf85e": " 0.1",
"ntitle": 14,
"title": [
    "comment: None given                            Feff8L (EXAFS)       0.1",
    "Source:",
    "Structure Summary:  Fe2",
    "Reduced formula:  Fe",
    "space group: (P6_3\/mmc), space number:  (194)",
    "abc:  2.434158   2.434157   3.841934",
    "angles: 90.000000  90.000000 120.000017",
    "sites: 2",
    "mp-136",
    "POT  Non-SCF, core-hole, AFOLP (folp(0)= 1.150)",
    "Abs   Z=26 Rmt= 1.279 Rnm= 1.315 K  shell",
    "Pot 1 Z=26 Rmt= 1.287 Rnm= 1.324",
    "Gam_ch=1.309E+00 H-L exch",
    "Mu=-1.432E+01 kf=2.220E+00 Vint=-3.309E+01 Rs_int= 1.634"
  ],
"s02": 0.9411979606977590E+000,
"erelax": 0.2415949813548446E+001,
"wp": 0.8294010526110874E+000,
"edge": -0.5261107160967592E+000,
"emu": 0.2617865655753571E+003,
"gamach": 0.1308926501256764E+001,
"ne": 79,
"ne1": 59,
"ik0": 1,
"ereal": [
    -0.1431620178496754E+002,
    -0.1427810196415610E+002,
    -0.1416380250172178E+002,
    -0.1397330339766458E+002,
    -0.1370660465198449E+002,
    -0.1336370626468153E+002,
    -0.1294460823575568E+002,
    -0.1244931056520695E+002,
    -0.1187781325303534E+002,
    -0.1123011629924085E+002,
    -0.1050621970382348E+002,
    -0.9706123466783229E+001,
    -0.8829827588120093E+001,
    -0.7877332067834080E+001,
    -0.6848636905925184E+001,
    -0.5743742102393407E+001,
    -0.4562647657238749E+001,
    -0.3305353570461209E+001,
    -0.1971859842060788E+001,
    -0.5621664720374875E+000,
    0.9237265396086981E+000,
    0.4124111487769707E+001,
    0.7629295002422239E+001,
    0.1143927708356631E+002,
    0.1555405773120189E+002,
    0.1997363694532900E+002,
    0.2469801472594763E+002,
    0.2972719107305779E+002,
    0.3506116598665947E+002,
    0.4069993946675267E+002,
    0.4664351151333742E+002,
    0.5289188212641366E+002,
    0.5944505130598147E+002,
    0.6630301905204075E+002,
    0.7346578536459161E+002,
    0.8093335024363392E+002,
    0.8870571368916785E+002,
    0.9678287570119321E+002,
    0.1051648362797102E+003,
    0.1138515954247186E+003,
    0.1228431531362186E+003,
    0.1466555411433690E+003,
    0.1723729201910914E+003,
    0.1999952902793858E+003,
    0.2295226514082523E+003,
    0.2609550035776908E+003,
    0.2942923467877013E+003,
    0.3295346810382838E+003,
    0.3666820063294384E+003,
    0.4466916300334637E+003,
    0.5343212178997771E+003,
    0.6295707699283785E+003,
    0.7324402861192682E+003,
    0.8429297664724460E+003,
    0.9610392109879118E+003,
    0.1086768619665666E+004,
    0.1220117992505708E+004,
    0.1361087329508038E+004,
    0.1509676630672656E+004,
    -0.1431620178496754E+002,
    -0.1431620178496754E+002,
    -0.1431620178496754E+002,
    -0.1431620178496754E+002,
    -0.1431620178496754E+002,
    -0.1431620178496754E+002,
    -0.1431620178496754E+002,
    -0.1431620178496754E+002,
    -0.1431620178496754E+002,
    -0.1431620178496754E+002,
    -0.1431620178496754E+002,
    -0.1431620178496754E+002,
    -0.1431620178496754E+002,
    -0.1431620178496754E+002,
    -0.1431620178496754E+002,
    -0.1431620178496754E+002,
    -0.1431620178496754E+002,
    -0.1431620178496754E+002,
    -0.1431620178496754E+002,
    -0.1431620178496754E+002
  ],
"eimag": [
    0.6544632506283820E+000,
    0.6544632506283820E+000,
    0.6544632506283820E+000,
    0.6544632506283820E+000,
    0.6544632506283820E+000,
    0.6544632506283820E+000,
    0.6544632506283820E+000,
    0.6544632506283820E+000,
    0.6544632506283820E+000,
    0.6544632506283820E+000,
    0.6544632506283820E+000,
    0.6544632506283820E+000,
    0.6544632506283820E+000,
    0.6544632506283820E+000,
    0.6544632506283820E+000,
    0.6544632506283820E+000,
    0.6544632506283820E+000,
    0.6544632506283820E+000,
    0.6544632506283820E+000,
    0.6544632506283820E+000,
    0.6544632506283820E+000,
    0.6544632506283820E+000,
    0.6544632506283820E+000,
    0.6544632506283820E+000,
    0.6544632506283820E+000,
    0.6544632506283820E+000,
    0.6544632506283820E+000,
    0.6544632506283820E+000,
    0.6544632506283820E+000,
    0.6544632506283820E+000,
    0.6544632506283820E+000,
    0.6544632506283820E+000,
    0.6544632506283820E+000,
    0.6544632506283820E+000,
    0.6544632506283820E+000,
    0.6544632506283820E+000,
    0.6544632506283820E+000,
    0.6544632506283820E+000,
    0.6544632506283820E+000,
    0.6544632506283820E+000,
    0.6544632506283820E+000,
    0.6544632506283820E+000,
    0.6544632506283820E+000,
    0.6544632506283820E+000,
    0.6544632506283820E+000,
    0.6544632506283820E+000,
    0.6544632506283820E+000,
    0.6544632506283820E+000,
    0.6544632506283820E+000,
    0.6544632506283820E+000,
    0.6544632506283820E+000,
    0.6544632506283820E+000,
    0.6544632506283820E+000,
    0.6544632506283820E+000,
    0.6544632506283820E+000,
    0.6544632506283820E+000,
    0.6544632506283820E+000,
    0.6544632506283820E+000,
    0.6544632506283820E+000,
    0.5000000000000000E-002,
    0.1000000000000000E-001,
    0.1435283327037411E-001,
    0.2141191115387143E-001,
    0.3194281788304599E-001,
    0.4765308463018525E-001,
    0.7109004857009996E-001,
    0.1060538902133926E+000,
    0.1582138127012749E+000,
    0.2360272732957520E+000,
    0.3521113156195287E+000,
    0.5252883569601733E+000,
    0.7836381442965901E+000,
    0.1169050737675427E+001,
    0.1744018763259949E+001,
    0.2601770264180974E+001,
    0.3881385137693830E+001,
    0.5790346209469416E+001,
    0.8638181483179990E+001,
    0.1288665247931541E+002
  ],
"xsnorm": [
    0.2425849654431039E-003,
    0.2428576495493144E-003,
    0.2436712525022046E-003,
    0.2450115838327072E-003,
    0.2468570581519527E-003,
    0.2491767760133845E-003,
    0.2519328377923908E-003,
    0.2550801337541393E-003,
    0.2585673387170815E-003,
    0.2623379930584367E-003,
    0.2663313075856804E-003,
    0.2704834822493029E-003,
    0.2747279255110419E-003,
    0.2789967171068427E-003,
    0.2832216134930910E-003,
    0.2873345350934849E-003,
    0.2912689756063728E-003,
    0.2949631488325875E-003,
    0.2983579966385441E-003,
    0.3014004107370223E-003,
    0.3040451013666727E-003,
    0.3080061325792369E-003,
    0.3095518398803584E-003,
    0.3094105031456516E-003,
    0.3133732486092382E-003,
    0.3169068316643293E-003,
    0.3192941139940747E-003,
    0.3209443825869623E-003,
    0.3220879043978575E-003,
    0.3224758480849392E-003,
    0.3226647881052499E-003,
    0.3227557000922474E-003,
    0.3227578515266603E-003,
    0.3228025073390218E-003,
    0.3227371747166795E-003,
    0.3226319120386209E-003,
    0.3223264832031277E-003,
    0.3218715267957135E-003,
    0.3212443861485784E-003,
    0.3203194228140391E-003,
    0.3192051419273238E-003,
    0.3154801937966019E-003,
    0.3109162101295489E-003,
    0.3062405063166104E-003,
    0.3018742278636423E-003,
    0.2982253988365374E-003,
    0.2951807706394363E-003,
    0.2921076753588489E-003,
    0.2887730335437540E-003,
    0.2816990467262834E-003,
    0.2737348437850800E-003,
    0.2650157051331161E-003,
    0.2561754054603516E-003,
    0.2468020510209006E-003,
    0.2372693947968566E-003,
    0.2276670898815341E-003,
    0.2180194821408263E-003,
    0.2084148770781792E-003,
    0.1989546792933511E-003,
    0.2424104144499174E-003,
    0.2424104450270983E-003,
    0.2424104882437162E-003,
    0.2424105911723757E-003,
    0.2424108202428086E-003,
    0.2424113300493059E-003,
    0.2424124646382338E-003,
    0.2424149896970377E-003,
    0.2424206092162084E-003,
    0.2424331166117393E-003,
    0.2424609468800290E-003,
    0.2425228727351241E-003,
    0.2426606339190981E-003,
    0.2429669435417047E-003,
    0.2436472600479454E-003,
    0.2451544147612839E-003,
    0.2484750112955946E-003,
    0.2557036724150110E-003,
    0.2710428068533756E-003,
    0.3019296869722546E-003
  ],