{
"vfeff": "Feff8L (EXAFS)",
"vf85e": " 0.1",
"ntitle": 14,
"title": [
    "comment: None given                            Feff8L (EXAFS)       0.1",
    "Source:",
    "Structure Summary:  Fe2",
    "Reduced formula:  Fe",
    "space group: (Im-3m), space number:  (229)",
    "abc:  2.477813   2.477809   4.054295",
    "angles: 90.000038  90.000320 109.469837",
    "sites: 2",
    "mp-13",
    "POT  Non-SCF, core-hole, AFOLP (folp(0)= 1.150)",
    "Abs   Z=26 Rmt= 1.346 Rnm= 1.393 K  shell",
    "Pot 1 Z=26 Rmt= 1.354 Rnm= 1.403",
    "Gam_ch=1.309E+00 H-L exch",
    "Mu=-1.199E+01 kf=2.042E+00 Vint=-2.788E+01 Rs_int= 1.776"
  ],
"s02": 0.9411979606977590E+000,
"erelax": 0.2415949813548446E+001,
"wp": 0.7318909530945320E+000,
"edge": -0.4405789591759010E+000,
"emu": 0.2617029125570330E+003,
"gamach": 0.1308926501256764E+001,
"ne": 79,
"ne1": 59,
"ik0": 1,
"ereal": [
    -0.1198876413042526E+002,
    -0.1195066430961382E+002,
    -0.1183636484717950E+002,
    -0.1164586574312229E+002,
    -0.1137916699744221E+002,
    -0.1103626861013925E+002,
    -0.1061717058121340E+002,
    -0.1012187291066467E+002,
    -0.9550375598493064E+001,
    -0.8902678644698574E+001,
    -0.8178782049281201E+001,
    -0.7378685812240949E+001,
    -0.6502389933577814E+001,
    -0.5549894413291799E+001,
    -0.4521199251382903E+001,
    -0.3416304447851126E+001,
    -0.2235210002696469E+001,
    -0.9779159159189285E+000,
    0.3555778124814924E+000,
    0.1765271182504793E+001,
    0.3251164194150978E+001,
    0.6451549142311987E+001,
    0.9956732656964519E+001,
    0.1376671473810859E+002,
    0.1788149538574417E+002,
    0.2230107459987128E+002,
    0.2702545238048991E+002,
    0.3205462872760008E+002,
    0.3738860364120175E+002,
    0.4302737712129496E+002,
    0.4897094916787970E+002,
    0.5521931978095595E+002,
    0.6177248896052376E+002,
    0.6863045670658305E+002,
    0.7579322301913390E+002,
    0.8326078789817622E+002,
    0.9103315134371013E+002,
    0.9911031335573550E+002,
    0.1074922739342525E+003,
    0.1161790330792609E+003,
    0.1251705907907609E+003,
    0.1489829787979113E+003,
    0.1747003578456337E+003,
    0.2023227279339281E+003,
    0.2318500890627946E+003,
    0.2632824412322331E+003,
    0.2966197844422436E+003,
    0.3318621186928261E+003,
    0.3690094439839806E+003,
    0.4490190676880060E+003,
    0.5366486555543194E+003,
    0.6318982075829207E+003,
    0.7347677237738104E+003,
    0.8452572041269882E+003,
    0.9633666486424540E+003,
    0.1089096057320208E+004,
    0.1222445430160250E+004,
    0.1363414767162580E+004,
    0.1512004068327198E+004,
    -0.1198876413042526E+002,
    -0.1198876413042526E+002,
    -0.1198876413042526E+002,
    -0.1198876413042526E+002,
    -0.1198876413042526E+002,
    -0.1198876413042526E+002,
    -0.1198876413042526E+002,
    -0.1198876413042526E+002,
    -0.1198876413042526E+002,
    -0.1198876413042526E+002,
    -0.1198876413042526E+002,
    -0.1198876413042526E+002,
    -0.1198876413042526E+002,
    -0.1198876413042526E+002,
    -0.1198876413042526E+002,
    -0.1198876413042526E+002,
    -0.1198876413042526E+002,
    -0.1198876413042526E+002,
    -0.1198876413042526E+002,
    -0.1198876413042526E+002
  ],
"eimag": [
    0.6544632506283820E+000,
    0.6544632506283820E+000,
    0.6544632506283820E+000,
    0.6544632506283820E+000,
    0.6544632506283820E+000,
    0.6544632506283820E+000,
    0.6544632506283820E+000,
    0.6544632506283820E+000,
    0.6544632506283820E+000,
    0.6544632506283820E+000,
    0.6544632506283820E+000,
    0.6544632506283820E+000,
    0.6544632506283820E+000,
    0.6544632506283820E+000,
    0.6544632506283820E+000,
    0.6544632506283820E+000,
    0.6544632506283820E+000,
    0.6544632506283820E+000,
    0.6544632506283820E+000,
    0.6544632506283820E+000,
    0.6544632506283820E+000,
    0.6544632506283820E+000,
    0.6544632506283820E+000,
    0.6544632506283820E+000,
    0.6544632506283820E+000,
    0.6544632506283820E+000,
    0.6544632506283820E+000,
    0.6544632506283820E+000,
    0.6544632506283820E+000,
    0.6544632506283820E+000,
    0.6544632506283820E+000,
    0.6544632506283820E+000,
    0.6544632506283820E+000,
    0.6544632506283820E+000,
    0.6544632506283820E+000,
    0.6544632506283820E+000,
    0.6544632506283820E+000,
    0.6544632506283820E+000,
    0.6544632506283820E+000,
    0.6544632506283820E+000,
    0.6544632506283820E+000,
    0.6544632506283820E+000,
    0.6544632506283820E+000,
    0.6544632506283820E+000,
    0.6544632506283820E+000,
    0.6544632506283820E+000,
    0.6544632506283820E+000,
    0.6544632506283820E+000,
    0.6544632506283820E+000,
    0.6544632506283820E+000,
    0.6544632506283820E+000,
    0.6544632506283820E+000,
    0.6544632506283820E+000,
    0.6544632506283820E+000,
    0.6544632506283820E+000,
    0.6544632506283820E+000,
    0.6544632506283820E+000,
    0.6544632506283820E+000,
    0.6544632506283820E+000,
    0.5000000000000000E-002,
    0.1000000000000000E-001,
    0.1435283327037411E-001,
    0.2141191115387143E-001,
    0.3194281788304599E-001,
    0.4765308463018525E-001,
    0.7109004857009996E-001,
    0.1060538902133926E+000,
    0.1582138127012749E+000,
    0.2360272732957520E+000,
    0.3521113156195287E+000,
    0.5252883569601733E+000,
    0.7836381442965901E+000,
    0.1169050737675427E+001,
    0.1744018763259949E+001,
    0.2601770264180974E+001,
    0.3881385137693830E+001,
    0.5790346209469416E+001,
    0.8638181483179990E+001,
    0.1288665247931541E+002
  ],
"xsnorm": [
    0.2443727717530817E-003,
    0.2447053678842043E-003,
    0.2456954069927711E-003,
    0.2473222805150878E-003,
    0.2495519410045727E-003,
    0.2523377468218960E-003,
    0.2556215601982920E-003,
    0.2593354370904438E-003,
    0.2634027063869394E-003,
    0.2677407489915533E-003,
    0.2722607348077277E-003,
    0.2768713745515837E-003,
    0.2814804906729338E-003,
    0.2859961323573912E-003,
    0.2903303646537223E-003,
    0.2943988681223901E-003,
    0.2981256422283446E-003,
    0.3014430886225119E-003,
    0.3042955056639426E-003,
    0.3066400171356980E-003,
    0.3084485589491679E-003,
    0.3103258645335063E-003,
    0.3088720238417254E-003,
    0.3116636656384767E-003,
    0.3148549709068351E-003,
    0.3171473670706154E-003,
    0.3189050600824026E-003,
    0.3202019055300381E-003,
    0.3207908286782517E-003,
    0.3214404322886245E-003,
    0.3219309603731157E-003,
    0.3224180051538059E-003,
    0.3228838397821090E-003,
    0.3232807516199894E-003,
    0.3234787495848648E-003,
    0.3234379426530597E-003,
    0.3232382007731626E-003,
    0.3226513185543352E-003,
    0.3217808155804042E-003,
    0.3206944468285457E-003,
    0.3193180430505439E-003,
    0.3152343304477662E-003,
    0.3108217719169938E-003,
    0.3064520725046860E-003,
    0.3021261599748931E-003,
    0.2983296905427899E-003,
    0.2951134441527676E-003,
    0.2920636569353612E-003,
    0.2889011229537108E-003,
    0.2818483194797692E-003,
    0.2737059361859543E-003,
    0.2651811165062951E-003,
    0.2562219597861071E-003,
    0.2468467641202100E-003,
    0.2373856563220394E-003,
    0.2276875555079839E-003,
    0.2180986579716270E-003,
    0.2084721525147605E-003,
    0.1989944503808879E-003,
    0.2441077781853112E-003,
    0.2441078246103855E-003,
    0.2441078902278814E-003,
    0.2441080465068026E-003,
    0.2441083943111437E-003,
    0.2441091683634522E-003,
    0.2441108910402842E-003,
    0.2441147248880231E-003,
    0.2441232570904737E-003,
    0.2441422448925707E-003,
    0.2441844983974712E-003,
    0.2442785122111572E-003,
    0.2444876296271250E-003,
    0.2449524640160920E-003,
    0.2459841937591846E-003,
    0.2482665835125935E-003,
    0.2532789664918312E-003,
    0.2641106184069222E-003,
    0.2867008647059603E-003,
    0.3301950336960503E-003
  ],