{
"vfeff": "Feff8L (EXAFS)",
"vf85e": " 0.1",
"natt": 143,
"nph": 3,
"iatph": [
    1,
    8,
    2,
    16,
    0,
    0,
    0,
    0,
    0,
    0,
    0,
    0
  ],
"x": [
    0.0000000000000000E+000,
    -0.1951940000000000E+001,
    0.0000000000000000E+000,
    0.1951940000000000E+001,
    0.0000000000000000E+000,
    0.0000000000000000E+000,
    0.0000000000000000E+000,
    -0.1951940000000000E+001,
    -0.1951940000000000E+001,
    -0.1951940000000000E+001,
    -0.1951940000000000E+001,
    0.1951940000000000E+001,
    0.1951940000000000E+001,
    0.1951940000000000E+001,
    0.1951940000000000E+001,
    -0.3903880000000000E+001,
    0.0000000000000000E+000,
    0.3903880000000000E+001,
    0.0000000000000000E+000,
    0.0000000000000000E+000,
    0.0000000000000000E+000,
    -0.1951940000000000E+001,
    -0.3903880000000000E+001,
    -0.1951940000000000E+001,
    -0.3903880000000000E+001,
    0.3903880000000000E+001,
    0.1951940000000000E+001,
    0.3903880000000000E+001,
    0.1951940000000000E+001,
    -0.3903880000000000E+001,
    -0.3903880000000000E+001,
    0.0000000000000000E+000,
    0.3903880000000000E+001,
    0.0000000000000000E+000,
    0.0000000000000000E+000,
    0.3903880000000000E+001,
    0.0000000000000000E+000,
    -0.1951940000000000E+001,
    -0.1951940000000000E+001,
    0.0000000000000000E+000,
    0.1951940000000000E+001,
    0.0000000000000000E+000,
    0.0000000000000000E+000,
    0.1951940000000000E+001,
    0.0000000000000000E+000,
    -0.3903880000000000E+001,
    -0.3903880000000000E+001,
    0.3903880000000000E+001,
    0.3903880000000000E+001,
    -0.3903880000000000E+001,
    -0.3903880000000000E+001,
    0.0000000000000000E+000,
    0.3903880000000000E+001,
    0.0000000000000000E+000,
    0.0000000000000000E+000,
    0.3903880000000000E+001,
    0.0000000000000000E+000,
    -0.5855820000000000E+001,
    0.0000000000000000E+000,
    0.5855820000000000E+001,
    0.0000000000000000E+000,
    -0.3903880000000000E+001,
    -0.3903880000000000E+001,
    -0.3903880000000000E+001,
    -0.3903880000000000E+001,
    0.3903880000000000E+001,
    0.3903880000000000E+001,
    0.3903880000000000E+001,
    0.3903880000000000E+001,
    -0.1951940000000000E+001,
    -0.3903880000000000E+001,
    -0.1951940000000000E+001,
    -0.3903880000000000E+001,
    -0.1951940000000000E+001,
    -0.3903880000000000E+001,
    -0.1951940000000000E+001,
    -0.3903880000000000E+001,
    0.3903880000000000E+001,
    0.1951940000000000E+001,
    0.3903880000000000E+001,
    0.1951940000000000E+001,
    0.3903880000000000E+001,
    0.1951940000000000E+001,
    0.3903880000000000E+001,
    0.1951940000000000E+001,
    0.0000000000000000E+000,
    0.0000000000000000E+000,
    -0.5855820000000000E+001,
    -0.5855820000000000E+001,
    -0.5855820000000000E+001,
    -0.5855820000000000E+001,
    0.5855820000000000E+001,
    0.5855820000000000E+001,
    0.5855820000000000E+001,
    0.5855820000000000E+001,
    -0.1951940000000000E+001,
    0.1951940000000000E+001,
    -0.1951940000000000E+001,
    0.1951940000000000E+001,
    -0.1951940000000000E+001,
    0.1951940000000000E+001,
    -0.1951940000000000E+001,
    0.1951940000000000E+001,
    -0.1951940000000000E+001,
    -0.1951940000000000E+001,
    -0.1951940000000000E+001,
    -0.1951940000000000E+001,
    0.1951940000000000E+001,
    0.1951940000000000E+001,
    0.1951940000000000E+001,
    0.1951940000000000E+001,
    -0.3903880000000000E+001,
    -0.3903880000000000E+001,
    -0.3903880000000000E+001,
    -0.3903880000000000E+001,
    0.3903880000000000E+001,
    0.3903880000000000E+001,
    0.3903880000000000E+001,
    0.3903880000000000E+001,
    -0.3903880000000000E+001,
    -0.5855820000000000E+001,
    -0.3903880000000000E+001,
    -0.5855820000000000E+001,
    0.5855820000000000E+001,
    0.3903880000000000E+001,
    0.5855820000000000E+001,
    0.3903880000000000E+001,
    -0.5855820000000000E+001,
    -0.5855820000000000E+001,
    0.0000000000000000E+000,
    0.5855820000000000E+001,
    0.0000000000000000E+000,
    0.0000000000000000E+000,
    0.5855820000000000E+001,
    0.0000000000000000E+000,
    -0.3903880000000000E+001,
    -0.3903880000000000E+001,
    0.0000000000000000E+000,
    0.3903880000000000E+001,
    0.0000000000000000E+000,
    0.0000000000000000E+000,
    0.3903880000000000E+001,
    0.0000000000000000E+000
  ],