{
"vfeff": "Feff8L (EXAFS)",
"vf85e": " 0.1",
"ntitle": 15,
"title": [
    "comment: None given                            Feff8L (EXAFS)       0.1",
    "Source:",
    "Structure Summary:  Eu1 Ti1 O3",
    "Reduced formula:  EuTiO3",
    "space group: (Pm-3m), space number:  (221)",
    "abc:  3.903878   3.903887   3.903878",
    "angles: 90.000000  90.000000  90.000000",
    "sites: 5",
    "mp-22246",
    "POT  Non-SCF, core-hole, AFOLP (folp(0)= 1.150)",
    "Abs   Z=22 Rmt= 1.248 Rnm= 1.365 K  shell",
    "Pot 1 Z=63 Rmt= 1.790 Rnm= 1.818",
    "Pot 2 Z= 8 Rmt= 1.038 Rnm= 1.091",
    "Gam_ch=9.030E-01 H-L exch",
    "Mu=-5.871E+00 kf=1.993E+00 Vint=-2.101E+01 Rs_int= 1.819"
  ],
"s02": 0.9432816826759280E+000,
"erelax": 0.1950158768530174E+001,
"wp": 0.7057891513064793E+000,
"edge": -0.2157570555874813E+000,
"emu": 0.1826375532895990E+003,
"gamach": 0.9029823520520447E+000,
"ne": 78,
"ne1": 59,
"ik0": 1,
"ereal": [
    -0.5871048526129552E+001,
    -0.5832948705318111E+001,
    -0.5718649242883790E+001,
    -0.5528150138826587E+001,
    -0.5261451393146502E+001,
    -0.4918553005843536E+001,
    -0.4499454976917690E+001,
    -0.4004157306368962E+001,
    -0.3432659994197354E+001,
    -0.2784963040402863E+001,
    -0.2061066444985492E+001,
    -0.1260970207945240E+001,
    -0.3846743292821044E+000,
    0.5678211910039103E+000,
    0.1596516352912806E+001,
    0.2701411156444583E+001,
    0.3882505601599241E+001,
    0.5139799688376781E+001,
    0.6473293416777202E+001,
    0.7882986786800502E+001,
    0.9368879798446688E+001,
    0.1256926474660770E+002,
    0.1607444826126023E+002,
    0.1988443034240430E+002,
    0.2399921099003988E+002,
    0.2841879020416699E+002,
    0.3314316798478562E+002,
    0.3817234433189578E+002,
    0.4350631924549747E+002,
    0.4914509272559066E+002,
    0.5508866477217541E+002,
    0.6133703538525165E+002,
    0.6789020456481947E+002,
    0.7474817231087874E+002,
    0.8191093862342962E+002,
    0.8937850350247193E+002,
    0.9715086694800584E+002,
    0.1052280289600312E+003,
    0.1136099895385482E+003,
    0.1222967486835566E+003,
    0.1312883063950566E+003,
    0.1551006944022070E+003,
    0.1808180734499294E+003,
    0.2084404435382238E+003,
    0.2379678046670903E+003,
    0.2694001568365288E+003,
    0.3027375000465394E+003,
    0.3379798342971218E+003,
    0.3751271595882764E+003,
    0.4551367832923017E+003,
    0.5427663711586151E+003,
    0.6380159231872165E+003,
    0.7408854393781062E+003,
    0.8513749197312840E+003,
    0.9694843642467498E+003,
    0.1095213772924504E+004,
    0.1228563145764546E+004,
    0.1369532482766876E+004,
    0.1518121783931494E+004,
    -0.5871048526129552E+001,
    -0.5871048526129552E+001,
    -0.5871048526129552E+001,
    -0.5871048526129552E+001,
    -0.5871048526129552E+001,
    -0.5871048526129552E+001,
    -0.5871048526129552E+001,
    -0.5871048526129552E+001,
    -0.5871048526129552E+001,
    -0.5871048526129552E+001,
    -0.5871048526129552E+001,
    -0.5871048526129552E+001,
    -0.5871048526129552E+001,
    -0.5871048526129552E+001,
    -0.5871048526129552E+001,
    -0.5871048526129552E+001,
    -0.5871048526129552E+001,
    -0.5871048526129552E+001,
    -0.5871048526129552E+001
  ],
"eimag": [
    0.4514911760260223E+000,
    0.4514911760260223E+000,
    0.4514911760260223E+000,
    0.4514911760260223E+000,
    0.4514911760260223E+000,
    0.4514911760260223E+000,
    0.4514911760260223E+000,
    0.4514911760260223E+000,
    0.4514911760260223E+000,
    0.4514911760260223E+000,
    0.4514911760260223E+000,
    0.4514911760260223E+000,
    0.4514911760260223E+000,
    0.4514911760260223E+000,
    0.4514911760260223E+000,
    0.4514911760260223E+000,
    0.4514911760260223E+000,
    0.4514911760260223E+000,
    0.4514911760260223E+000,
    0.4514911760260223E+000,
    0.4514911760260223E+000,
    0.4514911760260223E+000,
    0.4514911760260223E+000,
    0.4514911760260223E+000,
    0.4514911760260223E+000,
    0.4514911760260223E+000,
    0.4514911760260223E+000,
    0.4514911760260223E+000,
    0.4514911760260223E+000,
    0.4514911760260223E+000,
    0.4514911760260223E+000,
    0.4514911760260223E+000,
    0.4514911760260223E+000,
    0.4514911760260223E+000,
    0.4514911760260223E+000,
    0.4514911760260223E+000,
    0.4514911760260223E+000,
    0.4514911760260223E+000,
    0.4514911760260223E+000,
    0.4514911760260223E+000,
    0.4514911760260223E+000,
    0.4514911760260223E+000,
    0.4514911760260223E+000,
    0.4514911760260223E+000,
    0.4514911760260223E+000,
    0.4514911760260223E+000,
    0.4514911760260223E+000,
    0.4514911760260223E+000,
    0.4514911760260223E+000,
    0.4514911760260223E+000,
    0.4514911760260223E+000,
    0.4514911760260223E+000,
    0.4514911760260223E+000,
    0.4514911760260223E+000,
    0.4514911760260223E+000,
    0.4514911760260223E+000,
    0.4514911760260223E+000,
    0.4514911760260223E+000,
    0.4514911760260223E+000,
    0.5000000000000000E-002,
    0.1000000000000000E-001,
    0.1477132434639238E-001,
    0.2203622647681795E-001,
    0.3287418690093349E-001,
    0.4904252393368772E-001,
    0.7316284843893844E-001,
    0.1091461442509934E+000,
    0.1628269136459488E+000,
    0.2429092112177288E+000,
    0.3623779605791677E+000,
    0.5406043914728769E+000,
    0.8064869828525675E+000,
    0.1203137199345652E+001,
    0.1794869788634793E+001,
    0.2677631079735550E+001,
    0.3994556175921355E+001,
    0.5959177559354942E+001,
    0.8890048260675334E+001
  ],
"xsnorm": [
    0.3734637492707067E-003,
    0.3739645666789284E-003,
    0.3754558227178199E-003,
    0.3779077302805888E-003,
    0.3812694828686498E-003,
    0.3854735281791067E-003,
    0.3904342153482885E-003,
    0.3960517455204660E-003,
    0.4022131994221893E-003,
    0.4087957305814732E-003,
    0.4156682232332944E-003,
    0.4226935457146140E-003,
    0.4297323802739099E-003,
    0.4366453777589896E-003,
    0.4432976426213944E-003,
    0.4495603496293966E-003,
    0.4553148186100508E-003,
    0.4604591975691066E-003,
    0.4649079565841852E-003,
    0.4685976680094405E-003,
    0.4714897259737559E-003,
    0.4748596388274727E-003,
    0.4739749623649789E-003,
    0.4712391262002950E-003,
    0.4720147632045396E-003,
    0.4747490810550308E-003,
    0.4757777153838877E-003,
    0.4753665932790846E-003,
    0.4747853287254096E-003,
    0.4738561727874035E-003,
    0.4728954887880712E-003,
    0.4723635639674314E-003,
    0.4719258416031957E-003,
    0.4716852938146572E-003,
    0.4712333685578965E-003,
    0.4704710323522997E-003,
    0.4691634638354960E-003,
    0.4671564259240568E-003,
    0.4644322955820982E-003,
    0.4609589007576217E-003,
    0.4568651030265638E-003,
    0.4459377902328560E-003,
    0.4378602002711702E-003,
    0.4331892277417920E-003,
    0.4294185353608743E-003,
    0.4257658074686801E-003,
    0.4191661699441426E-003,
    0.4117627499717747E-003,
    0.4037734419874592E-003,
    0.3891607313065096E-003,
    0.3738481916135951E-003,
    0.3564206386974656E-003,
    0.3399326714349728E-003,
    0.3228596709897824E-003,
    0.3055894334702953E-003,
    0.2890800057919362E-003,
    0.2727500141820801E-003,
    0.2571034559307572E-003,
    0.2420430062119571E-003,
    0.3732786799840286E-003,
    0.3732787481021767E-003,
    0.3732788554485849E-003,
    0.3732790983146992E-003,
    0.3732796388222402E-003,
    0.3732808417412705E-003,
    0.3732835188722915E-003,
    0.3732894768657672E-003,
    0.3733027362702309E-003,
    0.3733322438743405E-003,
    0.3733979055905009E-003,
    0.3735439956190674E-003,
    0.3738689130822876E-003,
    0.3745909840371441E-003,
    0.3761928351082269E-003,
    0.3797326982695066E-003,
    0.3874903421780131E-003,
    0.4041989680449269E-003,
    0.4390052872703278E-003
  ],