{
"vfeff": "Feff8L (EXAFS)",
"vf85e": " 0.1",
"natt": 131,
"nph": 2,
"iatph": [
    1,
    2,
    18,
    0,
    0,
    0,
    0,
    0,
    0,
    0,
    0,
    0
  ],
"x": [
    0.0000000000000000E+000,
    -0.1120950000000000E+001,
    -0.1120950000000000E+001,
    0.1120950000000000E+001,
    0.1120950000000000E+001,
    -0.3362840000000000E+001,
    -0.1120950000000000E+001,
    -0.1120950000000000E+001,
    -0.1120950000000000E+001,
    -0.3362840000000000E+001,
    -0.1120950000000000E+001,
    0.1120950000000000E+001,
    0.3362840000000000E+001,
    0.1120950000000000E+001,
    0.1120950000000000E+001,
    0.1120950000000000E+001,
    0.3362840000000000E+001,
    -0.2241890000000000E+001,
    -0.2241890000000000E+001,
    -0.2241890000000000E+001,
    -0.2241890000000000E+001,
    0.2241890000000000E+001,
    0.2241890000000000E+001,
    0.2241890000000000E+001,
    0.2241890000000000E+001,
    -0.4483780000000000E+001,
    0.0000000000000000E+000,
    0.0000000000000000E+000,
    0.4483780000000000E+001,
    0.0000000000000000E+000,
    0.0000000000000000E+000,
    -0.3362840000000000E+001,
    -0.1120950000000000E+001,
    -0.1120950000000000E+001,
    -0.3362840000000000E+001,
    0.3362840000000000E+001,
    0.1120950000000000E+001,
    0.1120950000000000E+001,
    0.3362840000000000E+001,
    0.3362840000000000E+001,
    -0.3362840000000000E+001,
    0.3362840000000000E+001,
    -0.3362840000000000E+001,
    -0.1120950000000000E+001,
    -0.1120950000000000E+001,
    -0.5604730000000000E+001,
    -0.1120950000000000E+001,
    -0.1120950000000000E+001,
    -0.5604730000000000E+001,
    0.5604730000000000E+001,
    0.1120950000000000E+001,
    0.1120950000000000E+001,
    0.5604730000000000E+001,
    0.1120950000000000E+001,
    0.1120950000000000E+001,
    -0.3362840000000000E+001,
    -0.3362840000000000E+001,
    0.3362840000000000E+001,
    0.3362840000000000E+001,
    -0.4483780000000000E+001,
    -0.4483780000000000E+001,
    -0.4483780000000000E+001,
    -0.4483780000000000E+001,
    0.0000000000000000E+000,
    0.4483780000000000E+001,
    0.0000000000000000E+000,
    0.4483780000000000E+001,
    0.0000000000000000E+000,
    0.4483780000000000E+001,
    0.4483780000000000E+001,
    0.0000000000000000E+000,
    -0.3362840000000000E+001,
    -0.1120950000000000E+001,
    -0.1120950000000000E+001,
    -0.3362840000000000E+001,
    0.3362840000000000E+001,
    0.1120950000000000E+001,
    0.1120950000000000E+001,
    0.3362840000000000E+001,
    -0.3362840000000000E+001,
    -0.1120950000000000E+001,
    -0.5604730000000000E+001,
    -0.5604730000000000E+001,
    0.5604730000000000E+001,
    0.5604730000000000E+001,
    -0.5604730000000000E+001,
    -0.5604730000000000E+001,
    0.1120950000000000E+001,
    0.3362840000000000E+001,
    0.5604730000000000E+001,
    0.5604730000000000E+001,
    0.1120950000000000E+001,
    0.3362840000000000E+001,
    -0.3362840000000000E+001,
    -0.1120950000000000E+001,
    -0.3362840000000000E+001,
    -0.3362840000000000E+001,
    0.3362840000000000E+001,
    0.3362840000000000E+001,
    -0.3362840000000000E+001,
    -0.5604730000000000E+001,
    0.5604730000000000E+001,
    -0.5604730000000000E+001,
    0.3362840000000000E+001,
    0.5604730000000000E+001,
    0.3362840000000000E+001,
    -0.3362840000000000E+001,
    -0.2241890000000000E+001,
    -0.2241890000000000E+001,
    -0.6725670000000000E+001,
    -0.2241890000000000E+001,
    -0.2241890000000000E+001,
    -0.6725670000000000E+001,
    -0.2241890000000000E+001,
    -0.2241890000000000E+001,
    -0.6725670000000000E+001,
    -0.2241890000000000E+001,
    -0.2241890000000000E+001,
    -0.6725670000000000E+001,
    0.6725670000000000E+001,
    0.2241890000000000E+001,
    0.2241890000000000E+001,
    0.6725670000000000E+001,
    0.2241890000000000E+001,
    0.2241890000000000E+001,
    0.6725670000000000E+001,
    0.2241890000000000E+001,
    0.2241890000000000E+001,
    0.6725670000000000E+001,
    0.2241890000000000E+001,
    0.2241890000000000E+001
  ],
"y": [
    0.0000000000000000E+000,
    -0.1120950000000000E+001,
    0.1120950000000000E+001,
    -0.1120950000000000E+001,
    0.1120950000000000E+001,
    -0.1120950000000000E+001,
    -0.1120950000000000E+001,
    -0.3362840000000000E+001,
    0.3362840000000000E+001,
    0.1120950000000000E+001,
    0.1120950000000000E+001,
    -0.1120950000000000E+001,
    -0.1120950000000000E+001,
    -0.3362840000000000E+001,
    0.3362840000000000E+001,
    0.1120950000000000E+001,
    0.1120950000000000E+001,
    -0.2241890000000000E+001,
    -0.2241890000000000E+001,
    0.2241890000000000E+001,
    0.2241890000000000E+001,
    -0.2241890000000000E+001,
    -0.2241890000000000E+001,
    0.2241890000000000E+001,
    0.2241890000000000E+001,
    0.0000000000000000E+000,
    -0.4483780000000000E+001,
    0.0000000000000000E+000,
    0.0000000000000000E+000,
    0.4483780000000000E+001,
    0.0000000000000000E+000,
    -0.1120950000000000E+001,
    -0.3362840000000000E+001,
    0.3362840000000000E+001,
    0.1120950000000000E+001,
    -0.1120950000000000E+001,
    -0.3362840000000000E+001,
    0.3362840000000000E+001,
    0.1120950000000000E+001,
    -0.3362840000000000E+001,
    -0.3362840000000000E+001,
    0.3362840000000000E+001,
    0.3362840000000000E+001,
    -0.1120950000000000E+001,
    -0.5604730000000000E+001,
    -0.1120950000000000E+001,
    0.5604730000000000E+001,
    0.1120950000000000E+001,
    0.1120950000000000E+001,
    -0.1120950000000000E+001,
    -0.1120950000000000E+001,
    -0.5604730000000000E+001,
    0.1120950000000000E+001,
    0.5604730000000000E+001,
    0.1120950000000000E+001,
    0.3362840000000000E+001,
    -0.3362840000000000E+001,
    -0.3362840000000000E+001,
    0.3362840000000000E+001,
    -0.4483780000000000E+001,
    0.0000000000000000E+000,
    0.4483780000000000E+001,
    0.0000000000000000E+000,
    -0.4483780000000000E+001,
    -0.4483780000000000E+001,
    -0.4483780000000000E+001,
    0.0000000000000000E+000,
    0.4483780000000000E+001,
    0.4483780000000000E+001,
    0.0000000000000000E+000,
    0.4483780000000000E+001,
    -0.1120950000000000E+001,
    -0.3362840000000000E+001,
    0.3362840000000000E+001,
    0.1120950000000000E+001,
    -0.1120950000000000E+001,
    -0.3362840000000000E+001,
    0.3362840000000000E+001,
    0.1120950000000000E+001,
    -0.5604730000000000E+001,
    -0.5604730000000000E+001,
    0.3362840000000000E+001,
    0.1120950000000000E+001,
    -0.1120950000000000E+001,
    -0.3362840000000000E+001,
    -0.1120950000000000E+001,
    -0.3362840000000000E+001,
    -0.5604730000000000E+001,
    -0.5604730000000000E+001,
    0.3362840000000000E+001,
    0.1120950000000000E+001,
    0.5604730000000000E+001,
    0.5604730000000000E+001,
    0.5604730000000000E+001,
    0.5604730000000000E+001,
    -0.3362840000000000E+001,
    0.3362840000000000E+001,
    -0.3362840000000000E+001,
    0.3362840000000000E+001,
    -0.5604730000000000E+001,
    0.3362840000000000E+001,
    -0.3362840000000000E+001,
    -0.3362840000000000E+001,
    -0.5604730000000000E+001,
    0.3362840000000000E+001,
    0.5604730000000000E+001,
    0.5604730000000000E+001,
    -0.2241890000000000E+001,
    -0.6725670000000000E+001,
    -0.2241890000000000E+001,
    -0.2241890000000000E+001,
    -0.6725670000000000E+001,
    -0.2241890000000000E+001,
    0.6725670000000000E+001,
    0.2241890000000000E+001,
    0.2241890000000000E+001,
    0.6725670000000000E+001,
    0.2241890000000000E+001,
    0.2241890000000000E+001,
    -0.2241890000000000E+001,
    -0.2241890000000000E+001,
    -0.6725670000000000E+001,
    -0.2241890000000000E+001,
    -0.2241890000000000E+001,
    -0.6725670000000000E+001,
    0.2241890000000000E+001,
    0.6725670000000000E+001,
    0.2241890000000000E+001,
    0.2241890000000000E+001,
    0.6725670000000000E+001,
    0.2241890000000000E+001
  ],