{
"vfeff": "Feff8L (EXAFS)",
"vf85e": " 0.1",
"ntitle": 15,
"title": [
    "comment: None given                            Feff8L (EXAFS)       0.1",
    "Source:",
    "Structure Summary:  Pt2 O4",
    "Reduced formula:  PtO2",
    "space group: (Pn-3m), space number:  (224)",
    "abc:  4.483783   4.483783   4.483783",
    "angles: 90.000000  90.000000  90.000000",
    "sites: 6",
    "mp-20119",
    "POT  Non-SCF, core-hole, AFOLP (folp(0)= 1.150)",
    "Abs   Z=78 Rmt= 1.262 Rnm= 1.415 L3 shell",
    "Pot 1 Z= 8 Rmt= 0.968 Rnm= 1.088",
    "Pot 2 Z=78 Rmt= 1.267 Rnm= 1.427",
    "Gam_ch=5.171E+00 H-L exch",
    "Mu= 5.496E+00 kf=2.289E+00 Vint=-1.447E+01 Rs_int= 1.584"
  ],
"s02": 0.9339661459753974E+000,
"erelax": 0.3680020029933710E+001,
"wp": 0.8685455050623161E+000,
"edge": 0.2019796916859381E+000,
"emu": 0.4249161630322922E+003,
"gamach": 0.5170841136616391E+001,
"ne": 83,
"ne1": 59,
"ik0": 1,
"ereal": [
    0.5496147358666647E+001,
    0.5534247179478087E+001,
    0.5648546641912409E+001,
    0.5839045745969612E+001,
    0.6105744491649697E+001,
    0.6448642878952661E+001,
    0.6867740907878508E+001,
    0.7363038578427237E+001,
    0.7934535890598846E+001,
    0.8582232844393337E+001,
    0.9306129439810707E+001,
    0.1010622567685096E+002,
    0.1098252155551409E+002,
    0.1193501707580011E+002,
    0.1296371223770900E+002,
    0.1406860704124078E+002,
    0.1524970148639544E+002,
    0.1650699557317298E+002,
    0.1784048930157340E+002,
    0.1925018267159670E+002,
    0.2073607568324288E+002,
    0.2393646063140389E+002,
    0.2744164414605643E+002,
    0.3125162622720050E+002,
    0.3536640687483608E+002,
    0.3978598608896319E+002,
    0.4451036386958182E+002,
    0.4953954021669198E+002,
    0.5487351513029366E+002,
    0.6051228861038686E+002,
    0.6645586065697159E+002,
    0.7270423127004784E+002,
    0.7925740044961566E+002,
    0.8611536819567495E+002,
    0.9327813450822580E+002,
    0.1007456993872681E+003,
    0.1085180628328020E+003,
    0.1165952248448274E+003,
    0.1249771854233444E+003,
    0.1336639445683528E+003,
    0.1426555022798528E+003,
    0.1664678902870032E+003,
    0.1921852693347256E+003,
    0.2198076394230200E+003,
    0.2493350005518865E+003,
    0.2807673527213250E+003,
    0.3141046959313355E+003,
    0.3493470301819181E+003,
    0.3864943554730726E+003,
    0.4665039791770979E+003,
    0.5541335670434113E+003,
    0.6493831190720126E+003,
    0.7522526352629023E+003,
    0.8627421156160802E+003,
    0.9808515601315459E+003,
    0.1106580968809300E+004,
    0.1239930341649342E+004,
    0.1380899678651672E+004,
    0.1529488979816290E+004,
    0.5496147358666647E+001,
    0.5496147358666647E+001,
    0.5496147358666647E+001,
    0.5496147358666647E+001,
    0.5496147358666647E+001,
    0.5496147358666647E+001,
    0.5496147358666647E+001,
    0.5496147358666647E+001,
    0.5496147358666647E+001,
    0.5496147358666647E+001,
    0.5496147358666647E+001,
    0.5496147358666647E+001,
    0.5496147358666647E+001,
    0.5496147358666647E+001,
    0.5496147358666647E+001,
    0.5496147358666647E+001,
    0.5496147358666647E+001,
    0.5496147358666647E+001,
    0.5496147358666647E+001,
    0.5496147358666647E+001,
    0.5496147358666647E+001,
    0.5496147358666647E+001,
    0.5496147358666647E+001,
    0.5496147358666647E+001
  ],
"eimag": [
    0.2585420568308196E+001,
    0.2585420568308196E+001,
    0.2585420568308196E+001,
    0.2585420568308196E+001,
    0.2585420568308196E+001,
    0.2585420568308196E+001,
    0.2585420568308196E+001,
    0.2585420568308196E+001,
    0.2585420568308196E+001,
    0.2585420568308196E+001,
    0.2585420568308196E+001,
    0.2585420568308196E+001,
    0.2585420568308196E+001,
    0.2585420568308196E+001,
    0.2585420568308196E+001,
    0.2585420568308196E+001,
    0.2585420568308196E+001,
    0.2585420568308196E+001,
    0.2585420568308196E+001,
    0.2585420568308196E+001,
    0.2585420568308196E+001,
    0.2585420568308196E+001,
    0.2585420568308196E+001,
    0.2585420568308196E+001,
    0.2585420568308196E+001,
    0.2585420568308196E+001,
    0.2585420568308196E+001,
    0.2585420568308196E+001,
    0.2585420568308196E+001,
    0.2585420568308196E+001,
    0.2585420568308196E+001,
    0.2585420568308196E+001,
    0.2585420568308196E+001,
    0.2585420568308196E+001,
    0.2585420568308196E+001,
    0.2585420568308196E+001,
    0.2585420568308196E+001,
    0.2585420568308196E+001,
    0.2585420568308196E+001,
    0.2585420568308196E+001,
    0.2585420568308196E+001,
    0.2585420568308196E+001,
    0.2585420568308196E+001,
    0.2585420568308196E+001,
    0.2585420568308196E+001,
    0.2585420568308196E+001,
    0.2585420568308196E+001,
    0.2585420568308196E+001,
    0.2585420568308196E+001,
    0.2585420568308196E+001,
    0.2585420568308196E+001,
    0.2585420568308196E+001,
    0.2585420568308196E+001,
    0.2585420568308196E+001,
    0.2585420568308196E+001,
    0.2585420568308196E+001,
    0.2585420568308196E+001,
    0.2585420568308196E+001,
    0.2585420568308196E+001,
    0.5000000000000000E-002,
    0.1000000000000000E-001,
    0.1144754615630298E-001,
    0.1707773208336118E-001,
    0.2547698250165891E-001,
    0.3800719171734925E-001,
    0.5670006729192832E-001,
    0.8458656074402066E-001,
    0.1261883204064636E+000,
    0.1882508529362323E+000,
    0.2808372717623059E+000,
    0.4189599780332012E+000,
    0.6250148425531736E+000,
    0.9324125785131947E+000,
    0.1390996113017365E+001,
    0.2075122355722312E+001,
    0.3095718780894078E+001,
    0.4618269734289709E+001,
    0.6889648849982575E+001,
    0.1027814831247979E+002,
    0.1533319549857728E+002,
    0.2287443973853955E+002,
    0.3412465414666021E+002,
    0.5090800185445430E+002
  ],