{
"vfeff": "Feff8L (EXAFS)",
"vf85e": " 0.1",
"ntitle": 14,
"title": [
    "comment: None given                            Feff8L (EXAFS)       0.1",
    "Source:",
    "Structure Summary:  Fe4",
    "Reduced formula:  Fe",
    "space group: (P2_1\/m), space number:  (11)",
    "abc:  2.415373   4.273093   4.717366",
    "angles: 90.002423  90.156211  89.902685",
    "sites: 4",
    "mp-1271198",
    "POT  Non-SCF, core-hole, AFOLP (folp(0)= 1.150)",
    "Abs   Z=26 Rmt= 1.361 Rnm= 1.409 K  shell",
    "Pot 1 Z=26 Rmt= 1.370 Rnm= 1.419",
    "Gam_ch=1.309E+00 H-L exch",
    "Mu=-1.151E+01 kf=2.016E+00 Vint=-2.699E+01 Rs_int= 1.799"
  ],
"s02": 0.9411979606977590E+000,
"erelax": 0.2415949813548446E+001,
"wp": 0.7179467141442480E+000,
"edge": -0.4228218364369495E+000,
"emu": 0.2616890335051722E+003,
"gamach": 0.1308926501256764E+001,
"ne": 79,
"ne1": 59,
"ik0": 1,
"ereal": [
    -0.1150556820897114E+002,
    -0.1146746838815969E+002,
    -0.1135316892572537E+002,
    -0.1116266982166817E+002,
    -0.1089597107598808E+002,
    -0.1055307268868512E+002,
    -0.1013397465975927E+002,
    -0.9638676989210545E+001,
    -0.9067179677038936E+001,
    -0.8419482723244446E+001,
    -0.7695586127827075E+001,
    -0.6895489890786823E+001,
    -0.6019194012123688E+001,
    -0.5066698491837673E+001,
    -0.4038003329928777E+001,
    -0.2933108526397000E+001,
    -0.1752014081242342E+001,
    -0.4947199944648019E+000,
    0.8387737339356189E+000,
    0.2248467103958919E+001,
    0.3734360115605105E+001,
    0.6934745063766114E+001,
    0.1043992857841865E+002,
    0.1424991065956271E+002,
    0.1836469130719830E+002,
    0.2278427052132540E+002,
    0.2750864830194404E+002,
    0.3253782464905419E+002,
    0.3787179956265588E+002,
    0.4351057304274908E+002,
    0.4945414508933382E+002,
    0.5570251570241007E+002,
    0.6225568488197788E+002,
    0.6911365262803717E+002,
    0.7627641894058803E+002,
    0.8374398381963034E+002,
    0.9151634726516426E+002,
    0.9959350927718963E+002,
    0.1079754698557066E+003,
    0.1166622290007150E+003,
    0.1256537867122150E+003,
    0.1494661747193654E+003,
    0.1751835537670878E+003,
    0.2028059238553822E+003,
    0.2323332849842487E+003,
    0.2637656371536872E+003,
    0.2971029803636978E+003,
    0.3323453146142803E+003,
    0.3694926399054348E+003,
    0.4495022636094602E+003,
    0.5371318514757735E+003,
    0.6323814035043749E+003,
    0.7352509196952645E+003,
    0.8457404000484424E+003,
    0.9638498445639082E+003,
    0.1089579253241662E+004,
    0.1222928626081704E+004,
    0.1363897963084034E+004,
    0.1512487264248652E+004,
    -0.1150556820897114E+002,
    -0.1150556820897114E+002,
    -0.1150556820897114E+002,
    -0.1150556820897114E+002,
    -0.1150556820897114E+002,
    -0.1150556820897114E+002,
    -0.1150556820897114E+002,
    -0.1150556820897114E+002,
    -0.1150556820897114E+002,
    -0.1150556820897114E+002,
    -0.1150556820897114E+002,
    -0.1150556820897114E+002,
    -0.1150556820897114E+002,
    -0.1150556820897114E+002,
    -0.1150556820897114E+002,
    -0.1150556820897114E+002,
    -0.1150556820897114E+002,
    -0.1150556820897114E+002,
    -0.1150556820897114E+002,
    -0.1150556820897114E+002
  ],
"eimag": [
    0.6544632506283820E+000,
    0.6544632506283820E+000,
    0.6544632506283820E+000,
    0.6544632506283820E+000,
    0.6544632506283820E+000,
    0.6544632506283820E+000,
    0.6544632506283820E+000,
    0.6544632506283820E+000,
    0.6544632506283820E+000,
    0.6544632506283820E+000,
    0.6544632506283820E+000,
    0.6544632506283820E+000,
    0.6544632506283820E+000,
    0.6544632506283820E+000,
    0.6544632506283820E+000,
    0.6544632506283820E+000,
    0.6544632506283820E+000,
    0.6544632506283820E+000,
    0.6544632506283820E+000,
    0.6544632506283820E+000,
    0.6544632506283820E+000,
    0.6544632506283820E+000,
    0.6544632506283820E+000,
    0.6544632506283820E+000,
    0.6544632506283820E+000,
    0.6544632506283820E+000,
    0.6544632506283820E+000,
    0.6544632506283820E+000,
    0.6544632506283820E+000,
    0.6544632506283820E+000,
    0.6544632506283820E+000,
    0.6544632506283820E+000,
    0.6544632506283820E+000,
    0.6544632506283820E+000,
    0.6544632506283820E+000,
    0.6544632506283820E+000,
    0.6544632506283820E+000,
    0.6544632506283820E+000,
    0.6544632506283820E+000,
    0.6544632506283820E+000,
    0.6544632506283820E+000,
    0.6544632506283820E+000,
    0.6544632506283820E+000,
    0.6544632506283820E+000,
    0.6544632506283820E+000,
    0.6544632506283820E+000,
    0.6544632506283820E+000,
    0.6544632506283820E+000,
    0.6544632506283820E+000,
    0.6544632506283820E+000,
    0.6544632506283820E+000,
    0.6544632506283820E+000,
    0.6544632506283820E+000,
    0.6544632506283820E+000,
    0.6544632506283820E+000,
    0.6544632506283820E+000,
    0.6544632506283820E+000,
    0.6544632506283820E+000,
    0.6544632506283820E+000,
    0.5000000000000000E-002,
    0.1000000000000000E-001,
    0.1435283327037411E-001,
    0.2141191115387143E-001,
    0.3194281788304599E-001,
    0.4765308463018525E-001,
    0.7109004857009996E-001,
    0.1060538902133926E+000,
    0.1582138127012749E+000,
    0.2360272732957520E+000,
    0.3521113156195287E+000,
    0.5252883569601733E+000,
    0.7836381442965901E+000,
    0.1169050737675427E+001,
    0.1744018763259949E+001,
    0.2601770264180974E+001,
    0.3881385137693830E+001,
    0.5790346209469416E+001,
    0.8638181483179990E+001,
    0.1288665247931541E+002
  ],
"xsnorm": [
    0.2454114838300221E-003,
    0.2457543344986381E-003,
    0.2467756413856613E-003,
    0.2484522145722449E-003,
    0.2507478221856160E-003,
    0.2536125494458303E-003,
    0.2569839025781041E-003,
    0.2607898895980910E-003,
    0.2649479727666433E-003,
    0.2693700220192876E-003,
    0.2739621383560198E-003,
    0.2786281725244839E-003,
    0.2832706232052297E-003,
    0.2877944748562808E-003,
    0.2921076681228892E-003,
    0.2961246187227651E-003,
    0.2997682221331474E-003,
    0.3029715459418185E-003,
    0.3056802866527389E-003,
    0.3078558842448671E-003,
    0.3094741090885673E-003,
    0.3107923431757755E-003,
    0.3092792078539397E-003,
    0.3122243470372199E-003,
    0.3151433684781223E-003,
    0.3173184390337547E-003,
    0.3189640562493135E-003,
    0.3201511222611780E-003,
    0.3207013068655895E-003,
    0.3213589323082407E-003,
    0.3218754558683605E-003,
    0.3224031189261603E-003,
    0.3229080370166246E-003,
    0.3233366575178700E-003,
    0.3235501332440206E-003,
    0.3235100176148291E-003,
    0.3232966593687342E-003,
    0.3226840706030348E-003,
    0.3217853699827324E-003,
    0.3206728374321444E-003,
    0.3192772828209539E-003,
    0.3152002712554133E-003,
    0.3108480316530846E-003,
    0.3065205464735842E-003,
    0.3021879541843394E-003,
    0.2983243649255308E-003,
    0.2950709112721703E-003,
    0.2920414660504407E-003,
    0.2889284640373045E-003,
    0.2818753464510191E-003,
    0.2736859900866987E-003,
    0.2652038949271556E-003,
    0.2562316048542843E-003,
    0.2468437049650104E-003,
    0.2374006303980950E-003,
    0.2276905627305414E-003,
    0.2181040578622899E-003,
    0.2084790544806206E-003,
    0.1989984171042374E-003,
    0.2451279258252688E-003,
    0.2451279755040592E-003,
    0.2451280457195867E-003,
    0.2451282129505083E-003,
    0.2451285851287462E-003,
    0.2451294134237569E-003,
    0.2451312568204905E-003,
    0.2451353593340198E-003,
    0.2451444894342716E-003,
    0.2451648077890624E-003,
    0.2452100219380899E-003,
    0.2453106221249721E-003,
    0.2455343846113649E-003,
    0.2460317469680682E-003,
    0.2471355373774672E-003,
    0.2495767315117567E-003,
    0.2549346839663462E-003,
    0.2664969762963513E-003,
    0.2905262233988862E-003,
    0.3363177365130757E-003
  ],