{
"vfeff": "Feff8L (EXAFS)",
"vf85e": " 0.1",
"ntitle": 15,
"title": [
    "comment: None given                            Feff8L (EXAFS)       0.1",
    "Source:",
    "Structure Summary:  Fe2 N2",
    "Reduced formula:  FeN",
    "space group: (P6_3\/mmc), space number:  (194)",
    "abc:  2.738391   2.738391   5.004323",
    "angles: 90.000000  90.000000 120.000015",
    "sites: 4",
    "mp-12120",
    "POT  Non-SCF, core-hole, AFOLP (folp(0)= 1.150)",
    "Abs   Z=26 Rmt= 1.248 Rnm= 1.305 K  shell",
    "Pot 1 Z=26 Rmt= 1.254 Rnm= 1.313",
    "Pot 2 Z= 7 Rmt= 1.018 Rnm= 1.067",
    "Gam_ch=1.309E+00 H-L exch",
    "Mu=-4.823E+00 kf=2.407E+00 Vint=-2.690E+01 Rs_int= 1.507"
  ],
"s02": 0.9411979606977590E+000,
"erelax": 0.2415949813548446E+001,
"wp": 0.9366616294865803E+000,
"edge": -0.1772550332345453E+000,
"emu": 0.2616129440530348E+003,
"gamach": 0.1308926501256764E+001,
"ne": 79,
"ne1": 59,
"ik0": 1,
"ereal": [
    -0.4823355133333142E+001,
    -0.4785255312521702E+001,
    -0.4670955850087379E+001,
    -0.4480456746030177E+001,
    -0.4213758000350093E+001,
    -0.3870859613047127E+001,
    -0.3451761584121280E+001,
    -0.2956463913572553E+001,
    -0.2384966601400944E+001,
    -0.1737269647606454E+001,
    -0.1013373052189082E+001,
    -0.2132768151488300E+000,
    0.6630190635143053E+000,
    0.1615514583800320E+001,
    0.2644209745709216E+001,
    0.3749104549240993E+001,
    0.4930198994395651E+001,
    0.6187493081173191E+001,
    0.7520986809573611E+001,
    0.8930680179596912E+001,
    0.1041657319124310E+002,
    0.1361695813940411E+002,
    0.1712214165405664E+002,
    0.2093212373520071E+002,
    0.2504690438283629E+002,
    0.2946648359696340E+002,
    0.3419086137758203E+002,
    0.3922003772469219E+002,
    0.4455401263829388E+002,
    0.5019278611838708E+002,
    0.5613635816497181E+002,
    0.6238472877804806E+002,
    0.6893789795761587E+002,
    0.7579586570367515E+002,
    0.8295863201622601E+002,
    0.9042619689526833E+002,
    0.9819856034080225E+002,
    0.1062757223528276E+003,
    0.1146576829313446E+003,
    0.1233444420763530E+003,
    0.1323359997878530E+003,
    0.1561483877950034E+003,
    0.1818657668427258E+003,
    0.2094881369310203E+003,
    0.2390154980598867E+003,
    0.2704478502293252E+003,
    0.3037851934393358E+003,
    0.3390275276899183E+003,
    0.3761748529810728E+003,
    0.4561844766850981E+003,
    0.5438140645514115E+003,
    0.6390636165800129E+003,
    0.7419331327709026E+003,
    0.8524226131240804E+003,
    0.9705320576395462E+003,
    0.1096261466317300E+004,
    0.1229610839157343E+004,
    0.1370580176159672E+004,
    0.1519169477324290E+004,
    -0.4823355133333142E+001,
    -0.4823355133333142E+001,
    -0.4823355133333142E+001,
    -0.4823355133333142E+001,
    -0.4823355133333142E+001,
    -0.4823355133333142E+001,
    -0.4823355133333142E+001,
    -0.4823355133333142E+001,
    -0.4823355133333142E+001,
    -0.4823355133333142E+001,
    -0.4823355133333142E+001,
    -0.4823355133333142E+001,
    -0.4823355133333142E+001,
    -0.4823355133333142E+001,
    -0.4823355133333142E+001,
    -0.4823355133333142E+001,
    -0.4823355133333142E+001,
    -0.4823355133333142E+001,
    -0.4823355133333142E+001,
    -0.4823355133333142E+001
  ],
"eimag": [
    0.6544632506283820E+000,
    0.6544632506283820E+000,
    0.6544632506283820E+000,
    0.6544632506283820E+000,
    0.6544632506283820E+000,
    0.6544632506283820E+000,
    0.6544632506283820E+000,
    0.6544632506283820E+000,
    0.6544632506283820E+000,
    0.6544632506283820E+000,
    0.6544632506283820E+000,
    0.6544632506283820E+000,
    0.6544632506283820E+000,
    0.6544632506283820E+000,
    0.6544632506283820E+000,
    0.6544632506283820E+000,
    0.6544632506283820E+000,
    0.6544632506283820E+000,
    0.6544632506283820E+000,
    0.6544632506283820E+000,
    0.6544632506283820E+000,
    0.6544632506283820E+000,
    0.6544632506283820E+000,
    0.6544632506283820E+000,
    0.6544632506283820E+000,
    0.6544632506283820E+000,
    0.6544632506283820E+000,
    0.6544632506283820E+000,
    0.6544632506283820E+000,
    0.6544632506283820E+000,
    0.6544632506283820E+000,
    0.6544632506283820E+000,
    0.6544632506283820E+000,
    0.6544632506283820E+000,
    0.6544632506283820E+000,
    0.6544632506283820E+000,
    0.6544632506283820E+000,
    0.6544632506283820E+000,
    0.6544632506283820E+000,
    0.6544632506283820E+000,
    0.6544632506283820E+000,
    0.6544632506283820E+000,
    0.6544632506283820E+000,
    0.6544632506283820E+000,
    0.6544632506283820E+000,
    0.6544632506283820E+000,
    0.6544632506283820E+000,
    0.6544632506283820E+000,
    0.6544632506283820E+000,
    0.6544632506283820E+000,
    0.6544632506283820E+000,
    0.6544632506283820E+000,
    0.6544632506283820E+000,
    0.6544632506283820E+000,
    0.6544632506283820E+000,
    0.6544632506283820E+000,
    0.6544632506283820E+000,
    0.6544632506283820E+000,
    0.6544632506283820E+000,
    0.5000000000000000E-002,
    0.1000000000000000E-001,
    0.1435283327037411E-001,
    0.2141191115387143E-001,
    0.3194281788304599E-001,
    0.4765308463018525E-001,
    0.7109004857009996E-001,
    0.1060538902133926E+000,
    0.1582138127012749E+000,
    0.2360272732957520E+000,
    0.3521113156195287E+000,
    0.5252883569601733E+000,
    0.7836381442965901E+000,
    0.1169050737675427E+001,
    0.1744018763259949E+001,
    0.2601770264180974E+001,
    0.3881385137693830E+001,
    0.5790346209469416E+001,
    0.8638181483179990E+001,
    0.1288665247931541E+002
  ],
"xsnorm": [
    0.2673634088494928E-003,
    0.2675790165827497E-003,
    0.2682215219127967E-003,
    0.2692800248982709E-003,
    0.2707351823976828E-003,
    0.2725616776986508E-003,
    0.2747270932714096E-003,
    0.2771940850391563E-003,
    0.2799197131143416E-003,
    0.2828577657321972E-003,
    0.2859565368024139E-003,
    0.2891642917122456E-003,
    0.2924257986816713E-003,
    0.2956852258341193E-003,
    0.2988861525847198E-003,
    0.3019722037903374E-003,
    0.3048898114088174E-003,
    0.3075850417356765E-003,
    0.3100085991910967E-003,
    0.3121145685782969E-003,
    0.3138623317545512E-003,
    0.3161556973467582E-003,
    0.3167105508640768E-003,
    0.3135358785067802E-003,
    0.3153950542298666E-003,
    0.3199077392260483E-003,
    0.3214903382492540E-003,
    0.3221150929503554E-003,
    0.3225397778275215E-003,
    0.3223321709272452E-003,
    0.3221010064340033E-003,
    0.3218814998075853E-003,
    0.3217119795040566E-003,
    0.3216666837978577E-003,
    0.3216568033915413E-003,
    0.3216821573921259E-003,
    0.3215628353083386E-003,
    0.3213523784309801E-003,
    0.3209600532815998E-003,
    0.3202556181179140E-003,
    0.3193257696999075E-003,
    0.3157831411980604E-003,
    0.3110338435753513E-003,
    0.3060413123679645E-003,
    0.3015061098367595E-003,
    0.2978614479749061E-003,
    0.2950205539515751E-003,
    0.2921284346076809E-003,
    0.2888059935555159E-003,
    0.2815413864470652E-003,
    0.2735962243036381E-003,
    0.2649537874102015E-003,
    0.2560662446886611E-003,
    0.2467066247059199E-003,
    0.2371901385836182E-003,
    0.2275784982532057E-003,
    0.2179466233985675E-003,
    0.2083426176424401E-003,
    0.1988833496138847E-003,
    0.2672300206832430E-003,
    0.2672300440482058E-003,
    0.2672300770717256E-003,
    0.2672301557223792E-003,
    0.2672303307625877E-003,
    0.2672307203215577E-003,
    0.2672315872976713E-003,
    0.2672335167779864E-003,
    0.2672378108535527E-003,
    0.2672473672126940E-003,
    0.2672686337876698E-003,
    0.2673159563847717E-003,
    0.2674212393614707E-003,
    0.2676553760438528E-003,
    0.2681755919131829E-003,
    0.2693290897699228E-003,
    0.2718753869838528E-003,
    0.2774408452968863E-003,
    0.2893478720593689E-003,
    0.3136855144735659E-003
  ],