{
"vfeff": "Feff8L (EXAFS)",
"vf85e": " 0.1",
"natt": 119,
"nph": 2,
"iatph": [
    1,
    2,
    16,
    0,
    0,
    0,
    0,
    0,
    0,
    0,
    0,
    0
  ],
"x": [
    0.0000000000000000E+000,
    -0.2233190000000000E+001,
    -0.6281190000000000E+000,
    0.6281190000000000E+000,
    0.2233190000000000E+001,
    0.6281190000000000E+000,
    -0.6281190000000000E+000,
    -0.6281190000000000E+000,
    -0.3489430000000000E+001,
    -0.6281190000000000E+000,
    0.6281190000000000E+000,
    0.3489430000000000E+001,
    0.6281190000000000E+000,
    -0.2233190000000000E+001,
    0.2233190000000000E+001,
    -0.2861310000000000E+001,
    -0.2861310000000000E+001,
    -0.2861310000000000E+001,
    -0.2861310000000000E+001,
    0.0000000000000000E+000,
    0.0000000000000000E+000,
    0.2861310000000000E+001,
    0.0000000000000000E+000,
    0.2861310000000000E+001,
    0.0000000000000000E+000,
    0.2861310000000000E+001,
    0.2861310000000000E+001,
    -0.2233190000000000E+001,
    -0.2233190000000000E+001,
    -0.3489430000000000E+001,
    0.3489430000000000E+001,
    0.2233190000000000E+001,
    0.2233190000000000E+001,
    -0.3489430000000000E+001,
    -0.3489430000000000E+001,
    -0.2233190000000000E+001,
    0.2233190000000000E+001,
    0.3489430000000000E+001,
    0.3489430000000000E+001,
    -0.2233190000000000E+001,
    -0.6281190000000000E+000,
    0.6281190000000000E+000,
    0.2233190000000000E+001,
    -0.6281190000000000E+000,
    -0.2233190000000000E+001,
    0.2233190000000000E+001,
    -0.5094490000000000E+001,
    0.5094490000000000E+001,
    -0.5094490000000000E+001,
    0.6281190000000000E+000,
    0.5094490000000000E+001,
    -0.5722610000000000E+001,
    0.0000000000000000E+000,
    0.0000000000000000E+000,
    0.5722610000000000E+001,
    0.0000000000000000E+000,
    0.0000000000000000E+000,
    -0.3489430000000000E+001,
    0.3489430000000000E+001,
    -0.3489430000000000E+001,
    -0.5094490000000000E+001,
    -0.6281190000000000E+000,
    -0.6281190000000000E+000,
    -0.5094490000000000E+001,
    -0.3489430000000000E+001,
    0.3489430000000000E+001,
    0.5094490000000000E+001,
    0.6281190000000000E+000,
    0.3489430000000000E+001,
    0.5094490000000000E+001,
    0.6281190000000000E+000,
    -0.2233190000000000E+001,
    -0.2233190000000000E+001,
    -0.6281190000000000E+000,
    -0.6350730000000000E+001,
    0.6350730000000000E+001,
    0.6281190000000000E+000,
    0.2233190000000000E+001,
    0.2233190000000000E+001,
    0.6350730000000000E+001,
    0.6281190000000000E+000,
    -0.6281190000000000E+000,
    -0.6350730000000000E+001,
    -0.2861310000000000E+001,
    -0.2861310000000000E+001,
    -0.2861310000000000E+001,
    -0.2861310000000000E+001,
    0.2861310000000000E+001,
    0.2861310000000000E+001,
    0.2861310000000000E+001,
    0.2861310000000000E+001,
    -0.2861310000000000E+001,
    -0.2861310000000000E+001,
    -0.5722610000000000E+001,
    -0.5722610000000000E+001,
    0.5722610000000000E+001,
    -0.5722610000000000E+001,
    0.2861310000000000E+001,
    0.5722610000000000E+001,
    -0.2861310000000000E+001,
    0.2861310000000000E+001,
    0.5722610000000000E+001,
    0.2861310000000000E+001,
    -0.2861310000000000E+001,
    0.5722610000000000E+001,
    0.2861310000000000E+001,
    -0.5722610000000000E+001,
    -0.6281190000000000E+000,
    -0.6350730000000000E+001,
    -0.3489430000000000E+001,
    -0.3489430000000000E+001,
    -0.6281190000000000E+000,
    -0.6350730000000000E+001,
    0.6350730000000000E+001,
    0.6281190000000000E+000,
    0.3489430000000000E+001,
    0.3489430000000000E+001,
    0.6350730000000000E+001,
    0.6281190000000000E+000
  ],
"y": [
    0.0000000000000000E+000,
    -0.6281190000000000E+000,
    0.2233190000000000E+001,
    -0.2233190000000000E+001,
    0.6281190000000000E+000,
    -0.6281190000000000E+000,
    0.6281190000000000E+000,
    -0.3489430000000000E+001,
    0.6281190000000000E+000,
    0.6281190000000000E+000,
    -0.6281190000000000E+000,
    -0.6281190000000000E+000,
    0.3489430000000000E+001,
    -0.2233190000000000E+001,
    0.2233190000000000E+001,
    -0.2861310000000000E+001,
    0.0000000000000000E+000,
    0.2861310000000000E+001,
    0.0000000000000000E+000,
    -0.2861310000000000E+001,
    -0.2861310000000000E+001,
    -0.2861310000000000E+001,
    0.2861310000000000E+001,
    0.0000000000000000E+000,
    0.2861310000000000E+001,
    0.2861310000000000E+001,
    0.0000000000000000E+000,
    -0.2233190000000000E+001,
    0.3489430000000000E+001,
    0.2233190000000000E+001,
    -0.2233190000000000E+001,
    -0.3489430000000000E+001,
    0.2233190000000000E+001,
    -0.3489430000000000E+001,
    0.2233190000000000E+001,
    0.3489430000000000E+001,
    -0.3489430000000000E+001,
    -0.2233190000000000E+001,
    0.3489430000000000E+001,
    -0.6281190000000000E+000,
    0.2233190000000000E+001,
    -0.2233190000000000E+001,
    0.6281190000000000E+000,
    -0.5094490000000000E+001,
    0.5094490000000000E+001,
    -0.5094490000000000E+001,
    -0.2233190000000000E+001,
    0.6281190000000000E+000,
    -0.6281190000000000E+000,
    0.5094490000000000E+001,
    0.2233190000000000E+001,
    0.0000000000000000E+000,
    -0.5722610000000000E+001,
    0.0000000000000000E+000,
    0.0000000000000000E+000,
    0.5722610000000000E+001,
    0.0000000000000000E+000,
    -0.3489430000000000E+001,
    0.3489430000000000E+001,
    -0.5094490000000000E+001,
    -0.6281190000000000E+000,
    -0.3489430000000000E+001,
    -0.5094490000000000E+001,
    0.3489430000000000E+001,
    0.6281190000000000E+000,
    -0.6281190000000000E+000,
    -0.3489430000000000E+001,
    0.5094490000000000E+001,
    0.5094490000000000E+001,
    0.6281190000000000E+000,
    0.3489430000000000E+001,
    -0.6281190000000000E+000,
    -0.6350730000000000E+001,
    0.2233190000000000E+001,
    0.2233190000000000E+001,
    -0.2233190000000000E+001,
    -0.2233190000000000E+001,
    0.6350730000000000E+001,
    0.6281190000000000E+000,
    -0.6281190000000000E+000,
    -0.6350730000000000E+001,
    0.6350730000000000E+001,
    0.6281190000000000E+000,
    -0.2861310000000000E+001,
    -0.2861310000000000E+001,
    0.2861310000000000E+001,
    0.2861310000000000E+001,
    -0.2861310000000000E+001,
    -0.2861310000000000E+001,
    0.2861310000000000E+001,
    0.2861310000000000E+001,
    -0.5722610000000000E+001,
    0.5722610000000000E+001,
    -0.2861310000000000E+001,
    0.2861310000000000E+001,
    -0.2861310000000000E+001,
    -0.2861310000000000E+001,
    -0.5722610000000000E+001,
    -0.2861310000000000E+001,
    -0.5722610000000000E+001,
    -0.5722610000000000E+001,
    0.2861310000000000E+001,
    0.5722610000000000E+001,
    0.5722610000000000E+001,
    0.2861310000000000E+001,
    0.5722610000000000E+001,
    0.2861310000000000E+001,
    -0.3489430000000000E+001,
    -0.3489430000000000E+001,
    0.6350730000000000E+001,
    0.6281190000000000E+000,
    0.6350730000000000E+001,
    0.6281190000000000E+000,
    -0.6281190000000000E+000,
    -0.6350730000000000E+001,
    -0.6281190000000000E+000,
    -0.6350730000000000E+001,
    0.3489430000000000E+001,
    0.3489430000000000E+001
  ],