{
"vfeff": "Feff8L (EXAFS)",
"vf85e": " 0.1",
"ntitle": 15,
"title": [
    "comment: None given                            Feff8L (EXAFS)       0.1",
    "Source:",
    "Structure Summary:  P8 Pt4",
    "Reduced formula:  P2Pt",
    "space group: (Pa-3), space number:  (205)",
    "abc:  5.722614   5.722614   5.722614",
    "angles: 90.000000  90.000000  90.000000",
    "sites: 12",
    "mp-730",
    "POT  Non-SCF, core-hole, AFOLP (folp(0)= 1.150)",
    "Abs   Z=78 Rmt= 1.374 Rnm= 1.446 L3 shell",
    "Pot 1 Z=15 Rmt= 1.324 Rnm= 1.436",
    "Pot 2 Z=78 Rmt= 1.387 Rnm= 1.462",
    "Gam_ch=5.171E+00 H-L exch",
    "Mu= 1.703E+00 kf=2.133E+00 Vint=-1.564E+01 Rs_int= 1.700"
  ],
"s02": 0.9339661459753974E+000,
"erelax": 0.3680020029933710E+001,
"wp": 0.7815102272918348E+000,
"edge": 0.6257509942913285E-001,
"emu": 0.4249345924022087E+003,
"gamach": 0.5170841136616391E+001,
"ne": 83,
"ne1": 59,
"ik0": 1,
"ereal": [
    0.1702755185806015E+001,
    0.1740855006617456E+001,
    0.1855154469051778E+001,
    0.2045653573108981E+001,
    0.2312352318789065E+001,
    0.2655250706092031E+001,
    0.3074348735017877E+001,
    0.3569646405566605E+001,
    0.4141143717738213E+001,
    0.4788840671532705E+001,
    0.5512737266950076E+001,
    0.6312833503990328E+001,
    0.7189129382653463E+001,
    0.8141624902939478E+001,
    0.9170320064848374E+001,
    0.1027521486838015E+002,
    0.1145630931353481E+002,
    0.1271360340031235E+002,
    0.1404709712871277E+002,
    0.1545679049873607E+002,
    0.1694268351038226E+002,
    0.2014306845854327E+002,
    0.2364825197319580E+002,
    0.2745823405433986E+002,
    0.3157301470197545E+002,
    0.3599259391610256E+002,
    0.4071697169672118E+002,
    0.4574614804383135E+002,
    0.5108012295743303E+002,
    0.5671889643752623E+002,
    0.6266246848411097E+002,
    0.6891083909718722E+002,
    0.7546400827675502E+002,
    0.8232197602281431E+002,
    0.8948474233536517E+002,
    0.9695230721440748E+002,
    0.1047246706599414E+003,
    0.1128018326719668E+003,
    0.1211837932504838E+003,
    0.1298705523954922E+003,
    0.1388621101069922E+003,
    0.1626744981141426E+003,
    0.1883918771618650E+003,
    0.2160142472501594E+003,
    0.2455416083790258E+003,
    0.2769739605484644E+003,
    0.3103113037584749E+003,
    0.3455536380090574E+003,
    0.3827009633002119E+003,
    0.4627105870042373E+003,
    0.5503401748705506E+003,
    0.6455897268991520E+003,
    0.7484592430900417E+003,
    0.8589487234432196E+003,
    0.9770581679586853E+003,
    0.1102787576636440E+004,
    0.1236136949476482E+004,
    0.1377106286478812E+004,
    0.1525695587643430E+004,
    0.1702755185806015E+001,
    0.1702755185806015E+001,
    0.1702755185806015E+001,
    0.1702755185806015E+001,
    0.1702755185806015E+001,
    0.1702755185806015E+001,
    0.1702755185806015E+001,
    0.1702755185806015E+001,
    0.1702755185806015E+001,
    0.1702755185806015E+001,
    0.1702755185806015E+001,
    0.1702755185806015E+001,
    0.1702755185806015E+001,
    0.1702755185806015E+001,
    0.1702755185806015E+001,
    0.1702755185806015E+001,
    0.1702755185806015E+001,
    0.1702755185806015E+001,
    0.1702755185806015E+001,
    0.1702755185806015E+001,
    0.1702755185806015E+001,
    0.1702755185806015E+001,
    0.1702755185806015E+001,
    0.1702755185806015E+001
  ],
"eimag": [
    0.2585420568308196E+001,
    0.2585420568308196E+001,
    0.2585420568308196E+001,
    0.2585420568308196E+001,
    0.2585420568308196E+001,
    0.2585420568308196E+001,
    0.2585420568308196E+001,
    0.2585420568308196E+001,
    0.2585420568308196E+001,
    0.2585420568308196E+001,
    0.2585420568308196E+001,
    0.2585420568308196E+001,
    0.2585420568308196E+001,
    0.2585420568308196E+001,
    0.2585420568308196E+001,
    0.2585420568308196E+001,
    0.2585420568308196E+001,
    0.2585420568308196E+001,
    0.2585420568308196E+001,
    0.2585420568308196E+001,
    0.2585420568308196E+001,
    0.2585420568308196E+001,
    0.2585420568308196E+001,
    0.2585420568308196E+001,
    0.2585420568308196E+001,
    0.2585420568308196E+001,
    0.2585420568308196E+001,
    0.2585420568308196E+001,
    0.2585420568308196E+001,
    0.2585420568308196E+001,
    0.2585420568308196E+001,
    0.2585420568308196E+001,
    0.2585420568308196E+001,
    0.2585420568308196E+001,
    0.2585420568308196E+001,
    0.2585420568308196E+001,
    0.2585420568308196E+001,
    0.2585420568308196E+001,
    0.2585420568308196E+001,
    0.2585420568308196E+001,
    0.2585420568308196E+001,
    0.2585420568308196E+001,
    0.2585420568308196E+001,
    0.2585420568308196E+001,
    0.2585420568308196E+001,
    0.2585420568308196E+001,
    0.2585420568308196E+001,
    0.2585420568308196E+001,
    0.2585420568308196E+001,
    0.2585420568308196E+001,
    0.2585420568308196E+001,
    0.2585420568308196E+001,
    0.2585420568308196E+001,
    0.2585420568308196E+001,
    0.2585420568308196E+001,
    0.2585420568308196E+001,
    0.2585420568308196E+001,
    0.2585420568308196E+001,
    0.2585420568308196E+001,
    0.5000000000000000E-002,
    0.1000000000000000E-001,
    0.1144754615630298E-001,
    0.1707773208336118E-001,
    0.2547698250165891E-001,
    0.3800719171734925E-001,
    0.5670006729192832E-001,
    0.8458656074402066E-001,
    0.1261883204064636E+000,
    0.1882508529362323E+000,
    0.2808372717623059E+000,
    0.4189599780332012E+000,
    0.6250148425531736E+000,
    0.9324125785131947E+000,
    0.1390996113017365E+001,
    0.2075122355722312E+001,
    0.3095718780894078E+001,
    0.4618269734289709E+001,
    0.6889648849982575E+001,
    0.1027814831247979E+002,
    0.1533319549857728E+002,
    0.2287443973853955E+002,
    0.3412465414666021E+002,
    0.5090800185445430E+002
  ],