{
"vfeff": "Feff8L (EXAFS)",
"vf85e": " 0.1",
"natt": 152,
"nph": 2,
"iatph": [
    1,
    6,
    2,
    0,
    0,
    0,
    0,
    0,
    0,
    0,
    0,
    0
  ],
"x": [
    0.0000000000000000E+000,
    -0.9086130000000000E+000,
    0.1811460000000000E+001,
    -0.9053710000000000E+000,
    -0.3470000000000000E-003,
    -0.1120000000000000E-002,
    -0.8618010000000000E+000,
    0.2585840000000000E+001,
    0.3446470000000000E+001,
    -0.2585020000000000E+001,
    -0.1725170000000000E+001,
    0.2585070000000000E+001,
    -0.8610330000000000E+000,
    -0.1724380000000000E+001,
    -0.3380000000000000E-003,
    -0.2586570000000000E+001,
    0.1723650000000000E+001,
    0.9047720000000000E+000,
    0.1722490000000000E+001,
    0.2628340000000000E+001,
    -0.8808800000000000E-001,
    -0.1812070000000000E+001,
    -0.2542510000000000E+001,
    -0.8730599999999999E-001,
    0.9043540000000000E+000,
    -0.3448360000000000E+001,
    -0.2542100000000000E+001,
    0.2629540000000000E+001,
    0.1723270000000000E+001,
    0.1723490000000000E+001,
    0.1724270000000000E+001,
    -0.4980000000000000E-003,
    -0.3447370000000000E+001,
    -0.3360170000000000E+001,
    -0.9061530000000000E+000,
    -0.1725110000000000E+001,
    0.4263020000000000E+001,
    0.3446520000000000E+001,
    0.4265480000000000E+001,
    -0.1635410000000000E+001,
    0.8161550000000000E+000,
    -0.3359390000000000E+001,
    -0.1724330000000000E+001,
    0.8186160000000000E+000,
    -0.9078310000000001E+000,
    0.3358780000000000E+001,
    0.9035720000000000E+000,
    -0.1724380000000000E+001,
    -0.4266080000000000E+001,
    0.3447260000000000E+001,
    -0.1723600000000000E+001,
    0.5083550000000000E+001,
    -0.2541310000000000E+001,
    0.9055540000000000E+000,
    -0.2543300000000000E+001,
    -0.4267280000000000E+001,
    0.3359560000000000E+001,
    0.1721700000000000E+001,
    0.2584290000000000E+001,
    -0.8602510000000000E+000,
    0.5170520000000000E+001,
    -0.2585800000000000E+001,
    0.4309050000000000E+001,
    -0.3447210000000000E+001,
    -0.2585790000000000E+001,
    -0.3449150000000000E+001,
    -0.5171970000000000E+001,
    -0.8625830000000000E+000,
    0.1722490000000000E+001,
    -0.3980000000000000E-003,
    0.2586620000000000E+001,
    -0.3447990000000000E+001,
    0.4310600000000000E+001,
    0.2628760000000000E+001,
    -0.1496000000000000E-002,
    0.2629120000000000E+001,
    -0.5258940000000000E+001,
    -0.5170860000000000E+001,
    0.5170860000000000E+001,
    -0.1724770000000000E+001,
    0.1724770000000000E+001,
    -0.7820000000000000E-003,
    0.7820000000000000E-003,
    -0.3446870000000000E+001,
    0.3446870000000000E+001,
    -0.1723990000000000E+001,
    0.1723990000000000E+001,
    -0.5171640000000000E+001,
    0.5171640000000000E+001,
    0.4262240000000000E+001,
    0.1810680000000000E+001,
    0.2538260000000000E+001,
    0.8669499999999999E-001,
    -0.2630140000000000E+001,
    0.5170510000000000E+001,
    -0.1129000000000000E-002,
    -0.4352240000000000E+001,
    0.2541500000000000E+001,
    0.3535450000000000E+001,
    -0.5171200000000000E+001,
    0.4350000000000000E-003,
    0.8193980000000000E+000,
    0.8153730000000000E+000,
    -0.6077010000000000E+001,
    -0.5171980000000000E+001,
    0.5171290000000000E+001,
    -0.2632600000000000E+001,
    0.8747600000000000E-001,
    0.4266270000000000E+001,
    0.3536230000000000E+001,
    -0.4355480000000000E+001,
    -0.6079470000000000E+001,
    0.1812250000000000E+001,
    0.3445690000000000E+001,
    -0.6031890000000000E+001,
    -0.1725110000000000E+001,
    0.8603000000000000E+000,
    0.1722870000000000E+001,
    0.4309840000000000E+001,
    0.8618500000000000E+000,
    0.4309820000000000E+001,
    0.1724430000000000E+001,
    -0.6033440000000000E+001,
    0.3447250000000000E+001,
    -0.6896020000000000E+001,
    -0.1812860000000000E+001,
    0.6075210000000000E+001,
    -0.3449150000000000E+001,
    -0.4266870000000000E+001,
    0.6076410000000000E+001,
    0.6894130000000000E+001,
    -0.8185280000000000E+000,
    0.1636680000000000E+001,
    -0.1811290000000000E+001,
    -0.4266500000000000E+001,
    -0.3447580000000000E+001,
    -0.8173290000000000E+000,
    -0.3446580000000000E+001,
    -0.1280000000000000E-002,
    0.5170360000000000E+001,
    -0.1722600000000000E+001,
    -0.5171350000000000E+001,
    0.3448260000000000E+001,
    0.6895130000000000E+001,
    -0.5172130000000000E+001,
    0.2830000000000000E-003,
    -0.3448150000000000E+001,
    -0.1723380000000000E+001,
    0.5171140000000000E+001,
    0.3445740000000000E+001,
    0.2540720000000000E+001,
    0.5987010000000000E+001
  ],