{
"vfeff": "Feff8L (EXAFS)",
"vf85e": " 0.1",
"ntitle": 15,
"title": [
    "comment: None given                            Feff8L (EXAFS)       0.1",
    "Source:",
    "Structure Summary:  Fe6 O8",
    "Reduced formula:  Fe3O4",
    "space group: (Fd-3m), space number:  (227)",
    "abc:  5.971799   5.970286   5.970068",
    "angles: 60.019498  59.994718  59.990501",
    "sites: 14",
    "mp-19306",
    "POT  Non-SCF, core-hole, AFOLP (folp(0)= 1.150)",
    "Abs   Z=26 Rmt= 1.238 Rnm= 1.385 K  shell",
    "Pot 1 Z=26 Rmt= 1.334 Rnm= 1.408",
    "Pot 2 Z= 8 Rmt= 1.011 Rnm= 1.086",
    "Gam_ch=1.309E+00 H-L exch",
    "Mu=-1.303E+00 kf=2.230E+00 Vint=-2.025E+01 Rs_int= 1.626"
  ],
"s02": 0.9411979606977590E+000,
"erelax": 0.2415949813548446E+001,
"wp": 0.8352129179043813E+000,
"edge": -0.4786778062959640E-001,
"emu": 0.2615159439941592E+003,
"gamach": 0.1308926501256764E+001,
"ne": 79,
"ne1": 59,
"ik0": 1,
"ereal": [
    -0.1302548656632626E+001,
    -0.1264448835821186E+001,
    -0.1150149373386864E+001,
    -0.9596502693296608E+000,
    -0.6929515236495767E+000,
    -0.3500531363466113E+000,
    0.6904489257923559E-001,
    0.5643425631279633E+000,
    0.1135839875299572E+001,
    0.1783536829094062E+001,
    0.2507433424511434E+001,
    0.3307529661551686E+001,
    0.4183825540214821E+001,
    0.5136321060500836E+001,
    0.6165016222409732E+001,
    0.7269911025941509E+001,
    0.8451005471096167E+001,
    0.9708299557873707E+001,
    0.1104179328627413E+002,
    0.1245148665629743E+002,
    0.1393737966794361E+002,
    0.1713776461610462E+002,
    0.2064294813075715E+002,
    0.2445293021190122E+002,
    0.2856771085953681E+002,
    0.3298729007366391E+002,
    0.3771166785428255E+002,
    0.4274084420139270E+002,
    0.4807481911499439E+002,
    0.5371359259508759E+002,
    0.5965716464167232E+002,
    0.6590553525474859E+002,
    0.7245870443431639E+002,
    0.7931667218037568E+002,
    0.8647943849292653E+002,
    0.9394700337196885E+002,
    0.1017193668175028E+003,
    0.1097965288295281E+003,
    0.1181784894080451E+003,
    0.1268652485530535E+003,
    0.1358568062645535E+003,
    0.1596691942717039E+003,
    0.1853865733194263E+003,
    0.2130089434077207E+003,
    0.2425363045365872E+003,
    0.2739686567060257E+003,
    0.3073059999160363E+003,
    0.3425483341666188E+003,
    0.3796956594577733E+003,
    0.4597052831617987E+003,
    0.5473348710281120E+003,
    0.6425844230567134E+003,
    0.7454539392476031E+003,
    0.8559434196007810E+003,
    0.9740528641162467E+003,
    0.1099782272794001E+004,
    0.1233131645634043E+004,
    0.1374100982636373E+004,
    0.1522690283800991E+004,
    -0.1302548656632626E+001,
    -0.1302548656632626E+001,
    -0.1302548656632626E+001,
    -0.1302548656632626E+001,
    -0.1302548656632626E+001,
    -0.1302548656632626E+001,
    -0.1302548656632626E+001,
    -0.1302548656632626E+001,
    -0.1302548656632626E+001,
    -0.1302548656632626E+001,
    -0.1302548656632626E+001,
    -0.1302548656632626E+001,
    -0.1302548656632626E+001,
    -0.1302548656632626E+001,
    -0.1302548656632626E+001,
    -0.1302548656632626E+001,
    -0.1302548656632626E+001,
    -0.1302548656632626E+001,
    -0.1302548656632626E+001,
    -0.1302548656632626E+001
  ],
"eimag": [
    0.6544632506283820E+000,
    0.6544632506283820E+000,
    0.6544632506283820E+000,
    0.6544632506283820E+000,
    0.6544632506283820E+000,
    0.6544632506283820E+000,
    0.6544632506283820E+000,
    0.6544632506283820E+000,
    0.6544632506283820E+000,
    0.6544632506283820E+000,
    0.6544632506283820E+000,
    0.6544632506283820E+000,
    0.6544632506283820E+000,
    0.6544632506283820E+000,
    0.6544632506283820E+000,
    0.6544632506283820E+000,
    0.6544632506283820E+000,
    0.6544632506283820E+000,
    0.6544632506283820E+000,
    0.6544632506283820E+000,
    0.6544632506283820E+000,
    0.6544632506283820E+000,
    0.6544632506283820E+000,
    0.6544632506283820E+000,
    0.6544632506283820E+000,
    0.6544632506283820E+000,
    0.6544632506283820E+000,
    0.6544632506283820E+000,
    0.6544632506283820E+000,
    0.6544632506283820E+000,
    0.6544632506283820E+000,
    0.6544632506283820E+000,
    0.6544632506283820E+000,
    0.6544632506283820E+000,
    0.6544632506283820E+000,
    0.6544632506283820E+000,
    0.6544632506283820E+000,
    0.6544632506283820E+000,
    0.6544632506283820E+000,
    0.6544632506283820E+000,
    0.6544632506283820E+000,
    0.6544632506283820E+000,
    0.6544632506283820E+000,
    0.6544632506283820E+000,
    0.6544632506283820E+000,
    0.6544632506283820E+000,
    0.6544632506283820E+000,
    0.6544632506283820E+000,
    0.6544632506283820E+000,
    0.6544632506283820E+000,
    0.6544632506283820E+000,
    0.6544632506283820E+000,
    0.6544632506283820E+000,
    0.6544632506283820E+000,
    0.6544632506283820E+000,
    0.6544632506283820E+000,
    0.6544632506283820E+000,
    0.6544632506283820E+000,
    0.6544632506283820E+000,
    0.5000000000000000E-002,
    0.1000000000000000E-001,
    0.1435283327037411E-001,
    0.2141191115387143E-001,
    0.3194281788304599E-001,
    0.4765308463018525E-001,
    0.7109004857009996E-001,
    0.1060538902133926E+000,
    0.1582138127012749E+000,
    0.2360272732957520E+000,
    0.3521113156195287E+000,
    0.5252883569601733E+000,
    0.7836381442965901E+000,
    0.1169050737675427E+001,
    0.1744018763259949E+001,
    0.2601770264180974E+001,
    0.3881385137693830E+001,
    0.5790346209469416E+001,
    0.8638181483179990E+001,
    0.1288665247931541E+002
  ],
"xsnorm": [
    0.2773781384381998E-003,
    0.2776419129244665E-003,
    0.2784266811141711E-003,
    0.2797145705700286E-003,
    0.2814764262403689E-003,
    0.2836721188695901E-003,
    0.2862520411578222E-003,
    0.2891585694473577E-003,
    0.2923266967551334E-003,
    0.2956865596511015E-003,
    0.2991641089746070E-003,
    0.3026827439749980E-003,
    0.3061663209341146E-003,
    0.3095385002812572E-003,
    0.3127265858172327E-003,
    0.3156614960858999E-003,
    0.3182779577512057E-003,
    0.3205179416675411E-003,
    0.3223319024471493E-003,
    0.3236772959963607E-003,
    0.3245219464236769E-003,
    0.3246328756228496E-003,
    0.3215328508542220E-003,
    0.3191458139306339E-003,
    0.3217162583598896E-003,
    0.3228580919281483E-003,
    0.3229632131657935E-003,
    0.3226039241028456E-003,
    0.3221569240609292E-003,
    0.3217129214714630E-003,
    0.3211013025166248E-003,
    0.3207978461340670E-003,
    0.3207686214964235E-003,
    0.3209276431704219E-003,
    0.3212658418155493E-003,
    0.3215787705569214E-003,
    0.3218552289899043E-003,
    0.3218880110522998E-003,
    0.3216061451135453E-003,
    0.3210364096032157E-003,
    0.3200506565703000E-003,
    0.3161129061276345E-003,
    0.3108793915358011E-003,
    0.3056320838690270E-003,
    0.3013129268101253E-003,
    0.2980973550637408E-003,
    0.2955143420894368E-003,
    0.2924397080508279E-003,
    0.2887769688059376E-003,
    0.2813632548140372E-003,
    0.2738904616259886E-003,
    0.2649698201748584E-003,
    0.2559610200784321E-003,
    0.2468933102239993E-003,
    0.2371939732703762E-003,
    0.2275603973336893E-003,
    0.2180508257152242E-003,
    0.2083377011132542E-003,
    0.1989126320575914E-003,
    0.2771727846948748E-003,
    0.2771728206672001E-003,
    0.2771728715126498E-003,
    0.2771729926060202E-003,
    0.2771732621055188E-003,
    0.2771738618863687E-003,
    0.2771751967173318E-003,
    0.2771781674194428E-003,
    0.2771847787230048E-003,
    0.2771994918679024E-003,
    0.2772322337763746E-003,
    0.2773050882176481E-003,
    0.2774671594077735E-003,
    0.2778275123089827E-003,
    0.2786277956659093E-003,
    0.2804004871340221E-003,
    0.2843045445944036E-003,
    0.2927931702130613E-003,
    0.3107296246094439E-003,
    0.3462311793804334E-003
  ],