{
"vfeff": "Feff8L (EXAFS)",
"vf85e": " 0.1",
"ntitle": 15,
"title": [
    "comment: None given                            Feff8L (EXAFS)       0.1",
    "Source:",
    "Structure Summary:  Fe4 O6",
    "Reduced formula:  Fe2O3",
    "space group: (R-3c), space number:  (167)",
    "abc:  5.091894   5.452030   5.091910",
    "angles: 62.162605 119.985134 117.837164",
    "sites: 10",
    "mp-19770",
    "POT  Non-SCF, core-hole, AFOLP (folp(0)= 1.150)",
    "Abs   Z=26 Rmt= 1.301 Rnm= 1.391 K  shell",
    "Pot 1 Z=26 Rmt= 1.304 Rnm= 1.397",
    "Pot 2 Z= 8 Rmt= 1.019 Rnm= 1.091",
    "Gam_ch=1.309E+00 H-L exch",
    "Mu=-9.980E-01 kf=2.225E+00 Vint=-1.987E+01 Rs_int= 1.630"
  ],
"s02": 0.9411979606977590E+000,
"erelax": 0.2415949813548446E+001,
"wp": 0.8325415460842003E+000,
"edge": -0.3667599408898532E-001,
"emu": 0.2615270672171197E+003,
"gamach": 0.1308926501256764E+001,
"ne": 79,
"ne1": 59,
"ik0": 1,
"ereal": [
    -0.9980046328226178E+000,
    -0.9599048120111772E+000,
    -0.8456053495768554E+000,
    -0.6551062455196522E+000,
    -0.3884074998395682E+000,
    -0.4550911253660284E-001,
    0.3735889163892441E+000,
    0.8688865869379717E+000,
    0.1440383899109580E+001,
    0.2088080852904071E+001,
    0.2811977448321442E+001,
    0.3612073685361695E+001,
    0.4488369564024829E+001,
    0.5440865084310845E+001,
    0.6469560246219741E+001,
    0.7574455049751518E+001,
    0.8755549494906175E+001,
    0.1001284358168371E+002,
    0.1134633731008414E+002,
    0.1275603068010744E+002,
    0.1424192369175362E+002,
    0.1744230863991463E+002,
    0.2094749215456716E+002,
    0.2475747423571123E+002,
    0.2887225488334681E+002,
    0.3329183409747392E+002,
    0.3801621187809256E+002,
    0.4304538822520271E+002,
    0.4837936313880439E+002,
    0.5401813661889760E+002,
    0.5996170866548235E+002,
    0.6621007927855860E+002,
    0.7276324845812641E+002,
    0.7962121620418569E+002,
    0.8678398251673654E+002,
    0.9425154739577886E+002,
    0.1020239108413128E+003,
    0.1101010728533381E+003,
    0.1184830334318551E+003,
    0.1271697925768635E+003,
    0.1361613502883635E+003,
    0.1599737382955139E+003,
    0.1856911173432363E+003,
    0.2133134874315308E+003,
    0.2428408485603972E+003,
    0.2742732007298357E+003,
    0.3076105439398463E+003,
    0.3428528781904288E+003,
    0.3800002034815832E+003,
    0.4600098271856087E+003,
    0.5476394150519220E+003,
    0.6428889670805235E+003,
    0.7457584832714131E+003,
    0.8562479636245910E+003,
    0.9743574081400567E+003,
    0.1100086816817811E+004,
    0.1233436189657853E+004,
    0.1374405526660183E+004,
    0.1522994827824801E+004,
    -0.9980046328226178E+000,
    -0.9980046328226178E+000,
    -0.9980046328226178E+000,
    -0.9980046328226178E+000,
    -0.9980046328226178E+000,
    -0.9980046328226178E+000,
    -0.9980046328226178E+000,
    -0.9980046328226178E+000,
    -0.9980046328226178E+000,
    -0.9980046328226178E+000,
    -0.9980046328226178E+000,
    -0.9980046328226178E+000,
    -0.9980046328226178E+000,
    -0.9980046328226178E+000,
    -0.9980046328226178E+000,
    -0.9980046328226178E+000,
    -0.9980046328226178E+000,
    -0.9980046328226178E+000,
    -0.9980046328226178E+000,
    -0.9980046328226178E+000
  ],
"eimag": [
    0.6544632506283820E+000,
    0.6544632506283820E+000,
    0.6544632506283820E+000,
    0.6544632506283820E+000,
    0.6544632506283820E+000,
    0.6544632506283820E+000,
    0.6544632506283820E+000,
    0.6544632506283820E+000,
    0.6544632506283820E+000,
    0.6544632506283820E+000,
    0.6544632506283820E+000,
    0.6544632506283820E+000,
    0.6544632506283820E+000,
    0.6544632506283820E+000,
    0.6544632506283820E+000,
    0.6544632506283820E+000,
    0.6544632506283820E+000,
    0.6544632506283820E+000,
    0.6544632506283820E+000,
    0.6544632506283820E+000,
    0.6544632506283820E+000,
    0.6544632506283820E+000,
    0.6544632506283820E+000,
    0.6544632506283820E+000,
    0.6544632506283820E+000,
    0.6544632506283820E+000,
    0.6544632506283820E+000,
    0.6544632506283820E+000,
    0.6544632506283820E+000,
    0.6544632506283820E+000,
    0.6544632506283820E+000,
    0.6544632506283820E+000,
    0.6544632506283820E+000,
    0.6544632506283820E+000,
    0.6544632506283820E+000,
    0.6544632506283820E+000,
    0.6544632506283820E+000,
    0.6544632506283820E+000,
    0.6544632506283820E+000,
    0.6544632506283820E+000,
    0.6544632506283820E+000,
    0.6544632506283820E+000,
    0.6544632506283820E+000,
    0.6544632506283820E+000,
    0.6544632506283820E+000,
    0.6544632506283820E+000,
    0.6544632506283820E+000,
    0.6544632506283820E+000,
    0.6544632506283820E+000,
    0.6544632506283820E+000,
    0.6544632506283820E+000,
    0.6544632506283820E+000,
    0.6544632506283820E+000,
    0.6544632506283820E+000,
    0.6544632506283820E+000,
    0.6544632506283820E+000,
    0.6544632506283820E+000,
    0.6544632506283820E+000,
    0.6544632506283820E+000,
    0.5000000000000000E-002,
    0.1000000000000000E-001,
    0.1435283327037411E-001,
    0.2141191115387143E-001,
    0.3194281788304599E-001,
    0.4765308463018525E-001,
    0.7109004857009996E-001,
    0.1060538902133926E+000,
    0.1582138127012749E+000,
    0.2360272732957520E+000,
    0.3521113156195287E+000,
    0.5252883569601733E+000,
    0.7836381442965901E+000,
    0.1169050737675427E+001,
    0.1744018763259949E+001,
    0.2601770264180974E+001,
    0.3881385137693830E+001,
    0.5790346209469416E+001,
    0.8638181483179990E+001,
    0.1288665247931541E+002
  ],
"xsnorm": [
    0.2904170164380558E-003,
    0.2906384692362446E-003,
    0.2912955675809587E-003,
    0.2923703499719156E-003,
    0.2938300791490024E-003,
    0.2956338333698393E-003,
    0.2977300020079764E-003,
    0.3000595365395672E-003,
    0.3025578297331748E-003,
    0.3051568091214468E-003,
    0.3077853926316826E-003,
    0.3103742665212721E-003,
    0.3128551526402910E-003,
    0.3151636058205187E-003,
    0.3172398243653676E-003,
    0.3190300299332214E-003,
    0.3204874890494481E-003,
    0.3215735806590872E-003,
    0.3222567467466274E-003,
    0.3225159691292496E-003,
    0.3223388645057629E-003,
    0.3206768382313557E-003,
    0.3157798874720542E-003,
    0.3141647278569402E-003,
    0.3178068193468426E-003,
    0.3189098561071128E-003,
    0.3191347893512751E-003,
    0.3196543959877638E-003,
    0.3200590786272064E-003,
    0.3202708522184264E-003,
    0.3207981885341205E-003,
    0.3214321392987152E-003,
    0.3221174690642990E-003,
    0.3227966265167574E-003,
    0.3233321769798822E-003,
    0.3236175969760054E-003,
    0.3234848919111161E-003,
    0.3230204633867044E-003,
    0.3221590903322247E-003,
    0.3208672950886412E-003,
    0.3193228386898339E-003,
    0.3146607626884108E-003,
    0.3099322919297744E-003,
    0.3058440785327793E-003,
    0.3020739665004100E-003,
    0.2987249301560665E-003,
    0.2952862705522239E-003,
    0.2917713440872995E-003,
    0.2883382587573213E-003,
    0.2817802517045270E-003,
    0.2736678893723211E-003,
    0.2647714968727432E-003,
    0.2561914691405659E-003,
    0.2466870395884492E-003,
    0.2371472504942506E-003,
    0.2276343840702515E-003,
    0.2179128070736875E-003,
    0.2083497922390204E-003,
    0.1988952492118025E-003,
    0.2902132515246740E-003,
    0.2902132872259810E-003,
    0.2902133376849070E-003,
    0.2902134578612441E-003,
    0.2902137253184769E-003,
    0.2902143205544949E-003,
    0.2902156452695314E-003,
    0.2902185934444126E-003,
    0.2902251545641264E-003,
    0.2902397558052294E-003,
    0.2902722474212975E-003,
    0.2903445389567620E-003,
    0.2905053281545020E-003,
    0.2908626834397765E-003,
    0.2916555790958204E-003,
    0.2934082781933957E-003,
    0.2972502463985558E-003,
    0.3055133136224963E-003,
    0.3225168913789541E-003,
    0.3538950390489341E-003
  ],