{
"vfeff": "Feff8L (EXAFS)",
"vf85e": " 0.1",
"ntitle": 14,
"title": [
    "comment: None given                            Feff8L (EXAFS)       0.1",
    "Source:",
    "Structure Summary:  U1 O2",
    "Reduced formula:  UO2",
    "space group: (Fm-3m), space number:  (225)",
    "abc:  3.856567   3.856567   3.856567",
    "angles: 60.000000  60.000000  60.000000",
    "sites: 3",
    "mp-1597",
    "POT  Non-SCF, core-hole, AFOLP (folp(0)= 1.150)",
    "Abs   Z=92 Rmt= 1.626 Rnm= 1.706 L3 shell",
    "Pot 1 Z= 8 Rmt= 1.042 Rnm= 1.093",
    "Gam_ch=8.104E+00 H-L exch",
    "Mu=-4.652E+00 kf=2.032E+00 Vint=-2.038E+01 Rs_int= 1.785"
  ],
"s02": 0.9094624473198549E+000,
"erelax": 0.4723386122781477E+001,
"wp": 0.7263420335135352E+000,
"edge": -0.1709664543554432E+000,
"emu": 0.6308054803606296E+003,
"gamach": 0.8103962473412976E+001,
"ne": 83,
"ne1": 59,
"ik0": 1,
"ereal": [
    -0.4652234185936677E+001,
    -0.4614134365125236E+001,
    -0.4499834902690914E+001,
    -0.4309335798633711E+001,
    -0.4042637052953627E+001,
    -0.3699738665650662E+001,
    -0.3280640636724814E+001,
    -0.2785342966176087E+001,
    -0.2213845654004478E+001,
    -0.1566148700209988E+001,
    -0.8422521047926165E+000,
    -0.4215586775236423E-001,
    0.8341400109107711E+000,
    0.1786635531196786E+001,
    0.2815330693105682E+001,
    0.3920225496637459E+001,
    0.5101319941792116E+001,
    0.6358614028569657E+001,
    0.7692107756970079E+001,
    0.9101801126993378E+001,
    0.1058769413863956E+002,
    0.1378807908680057E+002,
    0.1729326260145310E+002,
    0.2110324468259717E+002,
    0.2521802533023276E+002,
    0.2963760454435986E+002,
    0.3436198232497850E+002,
    0.3939115867208866E+002,
    0.4472513358569034E+002,
    0.5036390706578354E+002,
    0.5630747911236828E+002,
    0.6255584972544452E+002,
    0.6910901890501233E+002,
    0.7596698665107162E+002,
    0.8312975296362248E+002,
    0.9059731784266479E+002,
    0.9836968128819871E+002,
    0.1064468433002241E+003,
    0.1148288038787411E+003,
    0.1235155630237495E+003,
    0.1325071207352495E+003,
    0.1563195087423999E+003,
    0.1820368877901223E+003,
    0.2096592578784167E+003,
    0.2391866190072831E+003,
    0.2706189711767217E+003,
    0.3039563143867322E+003,
    0.3391986486373147E+003,
    0.3763459739284692E+003,
    0.4563555976324946E+003,
    0.5439851854988079E+003,
    0.6392347375274093E+003,
    0.7421042537182990E+003,
    0.8525937340714769E+003,
    0.9707031785869426E+003,
    0.1096432587264697E+004,
    0.1229781960104739E+004,
    0.1370751297107069E+004,
    0.1519340598271687E+004,
    -0.4652234185936677E+001,
    -0.4652234185936677E+001,
    -0.4652234185936677E+001,
    -0.4652234185936677E+001,
    -0.4652234185936677E+001,
    -0.4652234185936677E+001,
    -0.4652234185936677E+001,
    -0.4652234185936677E+001,
    -0.4652234185936677E+001,
    -0.4652234185936677E+001,
    -0.4652234185936677E+001,
    -0.4652234185936677E+001,
    -0.4652234185936677E+001,
    -0.4652234185936677E+001,
    -0.4652234185936677E+001,
    -0.4652234185936677E+001,
    -0.4652234185936677E+001,
    -0.4652234185936677E+001,
    -0.4652234185936677E+001,
    -0.4652234185936677E+001,
    -0.4652234185936677E+001,
    -0.4652234185936677E+001,
    -0.4652234185936677E+001,
    -0.4652234185936677E+001
  ],
"eimag": [
    0.4051981236706488E+001,
    0.4051981236706488E+001,
    0.4051981236706488E+001,
    0.4051981236706488E+001,
    0.4051981236706488E+001,
    0.4051981236706488E+001,
    0.4051981236706488E+001,
    0.4051981236706488E+001,
    0.4051981236706488E+001,
    0.4051981236706488E+001,
    0.4051981236706488E+001,
    0.4051981236706488E+001,
    0.4051981236706488E+001,
    0.4051981236706488E+001,
    0.4051981236706488E+001,
    0.4051981236706488E+001,
    0.4051981236706488E+001,
    0.4051981236706488E+001,
    0.4051981236706488E+001,
    0.4051981236706488E+001,
    0.4051981236706488E+001,
    0.4051981236706488E+001,
    0.4051981236706488E+001,
    0.4051981236706488E+001,
    0.4051981236706488E+001,
    0.4051981236706488E+001,
    0.4051981236706488E+001,
    0.4051981236706488E+001,
    0.4051981236706488E+001,
    0.4051981236706488E+001,
    0.4051981236706488E+001,
    0.4051981236706488E+001,
    0.4051981236706488E+001,
    0.4051981236706488E+001,
    0.4051981236706488E+001,
    0.4051981236706488E+001,
    0.4051981236706488E+001,
    0.4051981236706488E+001,
    0.4051981236706488E+001,
    0.4051981236706488E+001,
    0.4051981236706488E+001,
    0.4051981236706488E+001,
    0.4051981236706488E+001,
    0.4051981236706488E+001,
    0.4051981236706488E+001,
    0.4051981236706488E+001,
    0.4051981236706488E+001,
    0.4051981236706488E+001,
    0.4051981236706488E+001,
    0.4051981236706488E+001,
    0.4051981236706488E+001,
    0.4051981236706488E+001,
    0.4051981236706488E+001,
    0.4051981236706488E+001,
    0.4051981236706488E+001,
    0.4051981236706488E+001,
    0.4051981236706488E+001,
    0.4051981236706488E+001,
    0.4051981236706488E+001,
    0.5000000000000000E-002,
    0.1000000000000000E-001,
    0.1202626686321064E-001,
    0.1794108192696245E-001,
    0.2676494912104802E-001,
    0.3992861212989144E-001,
    0.5956648971791085E-001,
    0.8886276051297419E-001,
    0.1325676608338364E+000,
    0.1977677105404484E+000,
    0.2950347549802106E+000,
    0.4401401341420190E+000,
    0.6566119225362056E+000,
    0.9795498828052284E+000,
    0.1461316707740452E+001,
    0.2180028355683036E+001,
    0.3252220142566241E+001,
    0.4851742330846729E+001,
    0.7237949035748778E+001,
    0.1079775113179885E+002,
    0.1610835181740149E+002,
    0.2403083707949419E+002,
    0.3584979626018303E+002,
    0.5348161146634872E+002
  ],