{
"vfeff": "Feff8L (EXAFS)",
"vf85e": " 0.1",
"ntitle": 15,
"title": [
    "comment: None given                            Feff8L (EXAFS)       0.1",
    "Source:",
    "Structure Summary:  Fe6 O8",
    "Reduced formula:  Fe3O4",
    "space group: (F-43m), space number:  (216)",
    "abc:  6.432635   6.432635   6.432635",
    "angles: 60.000000  60.000000  60.000000",
    "sites: 14",
    "mp-611817",
    "POT  Non-SCF, core-hole, AFOLP (folp(0)= 1.150)",
    "Abs   Z=26 Rmt= 1.319 Rnm= 1.463 K  shell",
    "Pot 1 Z=26 Rmt= 1.382 Rnm= 1.457",
    "Pot 2 Z= 8 Rmt= 1.018 Rnm= 1.105",
    "Gam_ch=1.309E+00 H-L exch",
    "Mu=-2.234E+00 kf=2.107E+00 Vint=-1.914E+01 Rs_int= 1.721"
  ],
"s02": 0.9411979606977590E+000,
"erelax": 0.2415949813548446E+001,
"wp": 0.7668615160162233E+000,
"edge": -0.8211519801496935E-001,
"emu": 0.2614964506061402E+003,
"gamach": 0.1308926501256764E+001,
"ne": 79,
"ne1": 59,
"ik0": 1,
"ereal": [
    -0.2234468351294069E+001,
    -0.2196368530482628E+001,
    -0.2082069068048306E+001,
    -0.1891569963991103E+001,
    -0.1624871218311019E+001,
    -0.1281972831008054E+001,
    -0.8628748020822067E+000,
    -0.3675771315334790E+000,
    0.2039201806381297E+000,
    0.8516171344326200E+000,
    0.1575513729849991E+001,
    0.2375609966890244E+001,
    0.3251905845553379E+001,
    0.4204401365839393E+001,
    0.5233096527748289E+001,
    0.6337991331280066E+001,
    0.7519085776434724E+001,
    0.8776379863212265E+001,
    0.1010987359161268E+002,
    0.1151956696163598E+002,
    0.1300545997328217E+002,
    0.1620584492144318E+002,
    0.1971102843609571E+002,
    0.2352101051723978E+002,
    0.2763579116487537E+002,
    0.3205537037900248E+002,
    0.3677974815962111E+002,
    0.4180892450673127E+002,
    0.4714289942033295E+002,
    0.5278167290042615E+002,
    0.5872524494701089E+002,
    0.6497361556008714E+002,
    0.7152678473965496E+002,
    0.7838475248571423E+002,
    0.8554751879826509E+002,
    0.9301508367730740E+002,
    0.1007874471228413E+003,
    0.1088646091348667E+003,
    0.1172465697133836E+003,
    0.1259333288583921E+003,
    0.1349248865698921E+003,
    0.1587372745770425E+003,
    0.1844546536247649E+003,
    0.2120770237130593E+003,
    0.2416043848419258E+003,
    0.2730367370113643E+003,
    0.3063740802213748E+003,
    0.3416164144719573E+003,
    0.3787637397631118E+003,
    0.4587733634671372E+003,
    0.5464029513334506E+003,
    0.6416525033620520E+003,
    0.7445220195529416E+003,
    0.8550114999061195E+003,
    0.9731209444215852E+003,
    0.1098850353099339E+004,
    0.1232199725939382E+004,
    0.1373169062941712E+004,
    0.1521758364106330E+004,
    -0.2234468351294069E+001,
    -0.2234468351294069E+001,
    -0.2234468351294069E+001,
    -0.2234468351294069E+001,
    -0.2234468351294069E+001,
    -0.2234468351294069E+001,
    -0.2234468351294069E+001,
    -0.2234468351294069E+001,
    -0.2234468351294069E+001,
    -0.2234468351294069E+001,
    -0.2234468351294069E+001,
    -0.2234468351294069E+001,
    -0.2234468351294069E+001,
    -0.2234468351294069E+001,
    -0.2234468351294069E+001,
    -0.2234468351294069E+001,
    -0.2234468351294069E+001,
    -0.2234468351294069E+001,
    -0.2234468351294069E+001,
    -0.2234468351294069E+001
  ],
"eimag": [
    0.6544632506283820E+000,
    0.6544632506283820E+000,
    0.6544632506283820E+000,
    0.6544632506283820E+000,
    0.6544632506283820E+000,
    0.6544632506283820E+000,
    0.6544632506283820E+000,
    0.6544632506283820E+000,
    0.6544632506283820E+000,
    0.6544632506283820E+000,
    0.6544632506283820E+000,
    0.6544632506283820E+000,
    0.6544632506283820E+000,
    0.6544632506283820E+000,
    0.6544632506283820E+000,
    0.6544632506283820E+000,
    0.6544632506283820E+000,
    0.6544632506283820E+000,
    0.6544632506283820E+000,
    0.6544632506283820E+000,
    0.6544632506283820E+000,
    0.6544632506283820E+000,
    0.6544632506283820E+000,
    0.6544632506283820E+000,
    0.6544632506283820E+000,
    0.6544632506283820E+000,
    0.6544632506283820E+000,
    0.6544632506283820E+000,
    0.6544632506283820E+000,
    0.6544632506283820E+000,
    0.6544632506283820E+000,
    0.6544632506283820E+000,
    0.6544632506283820E+000,
    0.6544632506283820E+000,
    0.6544632506283820E+000,
    0.6544632506283820E+000,
    0.6544632506283820E+000,
    0.6544632506283820E+000,
    0.6544632506283820E+000,
    0.6544632506283820E+000,
    0.6544632506283820E+000,
    0.6544632506283820E+000,
    0.6544632506283820E+000,
    0.6544632506283820E+000,
    0.6544632506283820E+000,
    0.6544632506283820E+000,
    0.6544632506283820E+000,
    0.6544632506283820E+000,
    0.6544632506283820E+000,
    0.6544632506283820E+000,
    0.6544632506283820E+000,
    0.6544632506283820E+000,
    0.6544632506283820E+000,
    0.6544632506283820E+000,
    0.6544632506283820E+000,
    0.6544632506283820E+000,
    0.6544632506283820E+000,
    0.6544632506283820E+000,
    0.6544632506283820E+000,
    0.5000000000000000E-002,
    0.1000000000000000E-001,
    0.1435283327037411E-001,
    0.2141191115387143E-001,
    0.3194281788304599E-001,
    0.4765308463018525E-001,
    0.7109004857009996E-001,
    0.1060538902133926E+000,
    0.1582138127012749E+000,
    0.2360272732957520E+000,
    0.3521113156195287E+000,
    0.5252883569601733E+000,
    0.7836381442965901E+000,
    0.1169050737675427E+001,
    0.1744018763259949E+001,
    0.2601770264180974E+001,
    0.3881385137693830E+001,
    0.5790346209469416E+001,
    0.8638181483179990E+001,
    0.1288665247931541E+002
  ],
"xsnorm": [
    0.2599073137002982E-003,
    0.2602549878583047E-003,
    0.2612902081375961E-003,
    0.2629921338121094E-003,
    0.2653278141164086E-003,
    0.2682498210899274E-003,
    0.2716998933150269E-003,
    0.2756090024528693E-003,
    0.2798981876548025E-003,
    0.2844796873359146E-003,
    0.2892584369242307E-003,
    0.2941330776091637E-003,
    0.2989979388947778E-003,
    0.3037443289552956E-003,
    0.3082602768537685E-003,
    0.3124377851703206E-003,
    0.3161692590635019E-003,
    0.3193549090063635E-003,
    0.3219043236535970E-003,
    0.3237404178424895E-003,
    0.3248035607093278E-003,
    0.3238131821803446E-003,
    0.3197220498841909E-003,
    0.3253909350174274E-003,
    0.3278553748264732E-003,
    0.3269517018778299E-003,
    0.3259750606763551E-003,
    0.3242455572067492E-003,
    0.3223301775714865E-003,
    0.3208708266725507E-003,
    0.3197499173091893E-003,
    0.3192049790936893E-003,
    0.3192051564924001E-003,
    0.3196785177243647E-003,
    0.3203659070377939E-003,
    0.3211740984240005E-003,
    0.3220004912052847E-003,
    0.3224466354707074E-003,
    0.3225119238284933E-003,
    0.3221155382601925E-003,
    0.3211171686194254E-003,
    0.3166289534209572E-003,
    0.3107678989081066E-003,
    0.3054048237999286E-003,
    0.3009571216957291E-003,
    0.2981997552419787E-003,
    0.2955820732338497E-003,
    0.2924721681462809E-003,
    0.2888442345974647E-003,
    0.2816002962341165E-003,
    0.2738951433643276E-003,
    0.2650244288712145E-003,
    0.2562000070443658E-003,
    0.2468799663289318E-003,
    0.2372801976035327E-003,
    0.2277094461015184E-003,
    0.2180611419837111E-003,
    0.2084379231117599E-003,
    0.1989870849943127E-003,
    0.2596443268791393E-003,
    0.2596443729456858E-003,
    0.2596444380541675E-003,
    0.2596445931226462E-003,
    0.2596449382341393E-003,
    0.2596457062915440E-003,
    0.2596474156311815E-003,
    0.2596512198109313E-003,
    0.2596596860508396E-003,
    0.2596785274019575E-003,
    0.2597204567098315E-003,
    0.2598137574873715E-003,
    0.2600213301316140E-003,
    0.2604829349151844E-003,
    0.2615084950779365E-003,
    0.2637822542322730E-003,
    0.2688004440337713E-003,
    0.2797667755727462E-003,
    0.3032402729874558E-003,
    0.3513938035909022E-003
  ],