{
"vfeff": "Feff8L (EXAFS)",
"vf85e": " 0.1",
"natt": 129,
"nph": 1,
"iatph": [
    1,
    2,
    0,
    0,
    0,
    0,
    0,
    0,
    0,
    0,
    0,
    0
  ],
"x": [
    0.0000000000000000E+000,
    -0.1380330000000000E+001,
    -0.1380330000000000E+001,
    0.1380330000000000E+001,
    0.1380330000000000E+001,
    -0.2760670000000000E+001,
    0.2760670000000000E+001,
    -0.1380330000000000E+001,
    -0.1380330000000000E+001,
    0.1380330000000000E+001,
    0.1380330000000000E+001,
    0.1000000000000000E-005,
    0.1000000000000000E-005,
    -0.2760660000000000E+001,
    -0.2760660000000000E+001,
    0.1000000000000000E-005,
    0.1000000000000000E-005,
    0.2760670000000000E+001,
    0.2760670000000000E+001,
    0.0000000000000000E+000,
    0.0000000000000000E+000,
    -0.4141000000000000E+001,
    -0.4141000000000000E+001,
    0.4141000000000000E+001,
    0.4141000000000000E+001,
    0.0000000000000000E+000,
    0.0000000000000000E+000,
    -0.2760660000000000E+001,
    -0.2760660000000000E+001,
    0.2760670000000000E+001,
    0.2760670000000000E+001,
    -0.1380330000000000E+001,
    -0.1380330000000000E+001,
    0.1380330000000000E+001,
    0.1380330000000000E+001,
    -0.4141000000000000E+001,
    -0.4141000000000000E+001,
    0.4141000000000000E+001,
    0.4141000000000000E+001,
    -0.5521330000000000E+001,
    0.5521330000000000E+001,
    0.2760670000000000E+001,
    0.2760670000000000E+001,
    -0.2760670000000000E+001,
    -0.2760670000000000E+001,
    -0.1380330000000000E+001,
    -0.1380330000000000E+001,
    -0.1380330000000000E+001,
    -0.1380330000000000E+001,
    0.1380330000000000E+001,
    0.1380330000000000E+001,
    0.1380330000000000E+001,
    0.1380330000000000E+001,
    -0.2760670000000000E+001,
    0.2760670000000000E+001,
    -0.2760670000000000E+001,
    0.2760670000000000E+001,
    -0.5521330000000000E+001,
    -0.5521330000000000E+001,
    0.5521330000000000E+001,
    0.5521330000000000E+001,
    -0.1380330000000000E+001,
    -0.1380330000000000E+001,
    0.1380330000000000E+001,
    0.1380330000000000E+001,
    0.4141000000000000E+001,
    0.4141000000000000E+001,
    -0.4141000000000000E+001,
    -0.4141000000000000E+001,
    0.0000000000000000E+000,
    0.0000000000000000E+000,
    0.0000000000000000E+000,
    0.0000000000000000E+000,
    -0.4141000000000000E+001,
    -0.4141000000000000E+001,
    -0.4141000000000000E+001,
    -0.4141000000000000E+001,
    0.4141000000000000E+001,
    0.4141000000000000E+001,
    0.4141000000000000E+001,
    0.4141000000000000E+001,
    0.1000000000000000E-005,
    0.1000000000000000E-005,
    -0.5521330000000000E+001,
    -0.5521330000000000E+001,
    0.5521330000000000E+001,
    0.5521330000000000E+001,
    -0.5521330000000000E+001,
    -0.5521330000000000E+001,
    0.5521330000000000E+001,
    0.5521330000000000E+001,
    -0.1380330000000000E+001,
    -0.1380330000000000E+001,
    0.1380330000000000E+001,
    0.1380330000000000E+001,
    0.6901670000000000E+001,
    -0.6901670000000000E+001,
    -0.6901670000000000E+001,
    0.6901670000000000E+001,
    -0.5521330000000000E+001,
    -0.5521330000000000E+001,
    0.5521330000000000E+001,
    0.5521330000000000E+001,
    0.2760670000000000E+001,
    0.2760670000000000E+001,
    0.2760670000000000E+001,
    0.2760670000000000E+001,
    -0.2760670000000000E+001,
    -0.2760670000000000E+001,
    -0.2760670000000000E+001,
    -0.2760670000000000E+001,
    -0.2760660000000000E+001,
    -0.2760660000000000E+001,
    -0.6901660000000000E+001,
    -0.6901660000000000E+001,
    0.2760670000000000E+001,
    0.2760670000000000E+001,
    0.4141000000000000E+001,
    0.4141000000000000E+001,
    -0.4141000000000000E+001,
    -0.4141000000000000E+001,
    0.6901670000000000E+001,
    0.6901670000000000E+001,
    -0.1380330000000000E+001,
    -0.1380330000000000E+001,
    0.1380330000000000E+001,
    0.1380330000000000E+001,
    0.1000000000000000E-005,
    0.1000000000000000E-005
  ],
"y": [
    0.0000000000000000E+000,
    -0.2390810000000000E+001,
    0.2390810000000000E+001,
    -0.2390810000000000E+001,
    0.2390810000000000E+001,
    0.0000000000000000E+000,
    0.0000000000000000E+000,
    0.7969349999999999E+000,
    0.7969349999999999E+000,
    0.7969349999999999E+000,
    0.7969349999999999E+000,
    -0.1593870000000000E+001,
    -0.1593870000000000E+001,
    -0.1593870000000000E+001,
    -0.1593870000000000E+001,
    0.3187740000000000E+001,
    0.3187740000000000E+001,
    -0.1593870000000000E+001,
    -0.1593870000000000E+001,
    -0.4781610000000000E+001,
    0.4781610000000000E+001,
    -0.2390810000000000E+001,
    0.2390810000000000E+001,
    -0.2390810000000000E+001,
    0.2390810000000000E+001,
    0.0000000000000000E+000,
    0.0000000000000000E+000,
    0.3187740000000000E+001,
    0.3187740000000000E+001,
    0.3187740000000000E+001,
    0.3187740000000000E+001,
    -0.3984680000000000E+001,
    -0.3984680000000000E+001,
    -0.3984680000000000E+001,
    -0.3984680000000000E+001,
    0.7969349999999999E+000,
    0.7969349999999999E+000,
    0.7969349999999999E+000,
    0.7969349999999999E+000,
    0.0000000000000000E+000,
    0.0000000000000000E+000,
    -0.4781610000000000E+001,
    0.4781610000000000E+001,
    -0.4781610000000000E+001,
    0.4781610000000000E+001,
    -0.2390810000000000E+001,
    -0.2390810000000000E+001,
    0.2390810000000000E+001,
    0.2390810000000000E+001,
    -0.2390810000000000E+001,
    -0.2390810000000000E+001,
    0.2390810000000000E+001,
    0.2390810000000000E+001,
    0.0000000000000000E+000,
    0.0000000000000000E+000,
    0.0000000000000000E+000,
    0.0000000000000000E+000,
    -0.1593870000000000E+001,
    -0.1593870000000000E+001,
    -0.1593870000000000E+001,
    -0.1593870000000000E+001,
    0.5578550000000000E+001,
    0.5578550000000000E+001,
    0.5578550000000000E+001,
    0.5578550000000000E+001,
    -0.3984680000000000E+001,
    -0.3984680000000000E+001,
    -0.3984680000000000E+001,
    -0.3984680000000000E+001,
    -0.4781610000000000E+001,
    -0.4781610000000000E+001,
    0.4781610000000000E+001,
    0.4781610000000000E+001,
    -0.2390810000000000E+001,
    -0.2390810000000000E+001,
    0.2390810000000000E+001,
    0.2390810000000000E+001,
    -0.2390810000000000E+001,
    -0.2390810000000000E+001,
    0.2390810000000000E+001,
    0.2390810000000000E+001,
    -0.6375480000000000E+001,
    -0.6375480000000000E+001,
    0.3187740000000000E+001,
    0.3187740000000000E+001,
    0.3187740000000000E+001,
    0.3187740000000000E+001,
    -0.4781610000000000E+001,
    0.4781610000000000E+001,
    -0.4781610000000000E+001,
    0.4781610000000000E+001,
    -0.7172420000000000E+001,
    0.7172420000000000E+001,
    -0.7172420000000000E+001,
    0.7172420000000000E+001,
    -0.2390810000000000E+001,
    -0.2390810000000000E+001,
    0.2390810000000000E+001,
    0.2390810000000000E+001,
    0.0000000000000000E+000,
    0.0000000000000000E+000,
    0.0000000000000000E+000,
    0.0000000000000000E+000,
    -0.4781610000000000E+001,
    -0.4781610000000000E+001,
    0.4781610000000000E+001,
    0.4781610000000000E+001,
    -0.4781610000000000E+001,
    -0.4781610000000000E+001,
    0.4781610000000000E+001,
    0.4781610000000000E+001,
    -0.6375480000000000E+001,
    -0.6375480000000000E+001,
    0.7969349999999999E+000,
    0.7969349999999999E+000,
    -0.6375480000000000E+001,
    -0.6375480000000000E+001,
    0.5578550000000000E+001,
    0.5578550000000000E+001,
    0.5578550000000000E+001,
    0.5578550000000000E+001,
    0.7969349999999999E+000,
    0.7969349999999999E+000,
    0.7969349999999999E+000,
    0.7969349999999999E+000,
    0.7969349999999999E+000,
    0.7969349999999999E+000,
    -0.1593870000000000E+001,
    -0.1593870000000000E+001
  ],