{
"vfeff": "Feff8L (EXAFS)",
"vf85e": " 0.1",
"ntitle": 14,
"title": [
    "comment: None given                            Feff8L (EXAFS)       0.1",
    "Source:",
    "Structure Summary:  Pt2",
    "Reduced formula:  Pt",
    "space group: (P6_3\/mmc), space number:  (194)",
    "abc:  2.760666   2.760665   4.792134",
    "angles: 90.000000  90.000000 120.000009",
    "sites: 2",
    "mp-2647022",
    "POT  Non-SCF, core-hole, AFOLP (folp(0)= 1.150)",
    "Abs   Z=78 Rmt= 1.481 Rnm= 1.520 L3 shell",
    "Pot 1 Z=78 Rmt= 1.495 Rnm= 1.537",
    "Gam_ch=5.171E+00 H-L exch",
    "Mu=-1.529E-01 kf=1.999E+00 Vint=-1.538E+01 Rs_int= 1.814"
  ],
"s02": 0.9339661459753974E+000,
"erelax": 0.3680020029933710E+001,
"wp": 0.7087943347246449E+000,
"edge": -0.5617571592637961E-002,
"emu": 0.4249325627519224E+003,
"gamach": 0.5170841136616391E+001,
"ne": 83,
"ne1": 59,
"ik0": 1,
"ereal": [
    -0.1528619091022577E+000,
    -0.1147620882908172E+000,
    -0.4626258564953605E-003,
    0.1900364782007077E+000,
    0.4567352238807918E+000,
    0.7996336111837572E+000,
    0.1218731640109604E+001,
    0.1714029310658332E+001,
    0.2285526622829940E+001,
    0.2933223576624431E+001,
    0.3657120172041803E+001,
    0.4457216409082054E+001,
    0.5333512287745190E+001,
    0.6286007808031204E+001,
    0.7314702969940100E+001,
    0.8419597773471876E+001,
    0.9600692218626534E+001,
    0.1085798630540407E+002,
    0.1219148003380450E+002,
    0.1360117340382780E+002,
    0.1508706641547398E+002,
    0.1828745136363499E+002,
    0.2179263487828752E+002,
    0.2560261695943159E+002,
    0.2971739760706718E+002,
    0.3413697682119429E+002,
    0.3886135460181291E+002,
    0.4389053094892308E+002,
    0.4922450586252476E+002,
    0.5486327934261796E+002,
    0.6080685138920270E+002,
    0.6705522200227894E+002,
    0.7360839118184676E+002,
    0.8046635892790604E+002,
    0.8762912524045690E+002,
    0.9509669011949921E+002,
    0.1028690535650331E+003,
    0.1109462155770585E+003,
    0.1193281761555755E+003,
    0.1280149353005839E+003,
    0.1370064930120839E+003,
    0.1608188810192343E+003,
    0.1865362600669567E+003,
    0.2141586301552511E+003,
    0.2436859912841176E+003,
    0.2751183434535561E+003,
    0.3084556866635667E+003,
    0.3436980209141491E+003,
    0.3808453462053037E+003,
    0.4608549699093290E+003,
    0.5484845577756424E+003,
    0.6437341098042438E+003,
    0.7466036259951335E+003,
    0.8570931063483113E+003,
    0.9752025508637771E+003,
    0.1100931959541531E+004,
    0.1234281332381573E+004,
    0.1375250669383903E+004,
    0.1523839970548521E+004,
    -0.1528619091022577E+000,
    -0.1528619091022577E+000,
    -0.1528619091022577E+000,
    -0.1528619091022577E+000,
    -0.1528619091022577E+000,
    -0.1528619091022577E+000,
    -0.1528619091022577E+000,
    -0.1528619091022577E+000,
    -0.1528619091022577E+000,
    -0.1528619091022577E+000,
    -0.1528619091022577E+000,
    -0.1528619091022577E+000,
    -0.1528619091022577E+000,
    -0.1528619091022577E+000,
    -0.1528619091022577E+000,
    -0.1528619091022577E+000,
    -0.1528619091022577E+000,
    -0.1528619091022577E+000,
    -0.1528619091022577E+000,
    -0.1528619091022577E+000,
    -0.1528619091022577E+000,
    -0.1528619091022577E+000,
    -0.1528619091022577E+000,
    -0.1528619091022577E+000
  ],
"eimag": [
    0.2585420568308196E+001,
    0.2585420568308196E+001,
    0.2585420568308196E+001,
    0.2585420568308196E+001,
    0.2585420568308196E+001,
    0.2585420568308196E+001,
    0.2585420568308196E+001,
    0.2585420568308196E+001,
    0.2585420568308196E+001,
    0.2585420568308196E+001,
    0.2585420568308196E+001,
    0.2585420568308196E+001,
    0.2585420568308196E+001,
    0.2585420568308196E+001,
    0.2585420568308196E+001,
    0.2585420568308196E+001,
    0.2585420568308196E+001,
    0.2585420568308196E+001,
    0.2585420568308196E+001,
    0.2585420568308196E+001,
    0.2585420568308196E+001,
    0.2585420568308196E+001,
    0.2585420568308196E+001,
    0.2585420568308196E+001,
    0.2585420568308196E+001,
    0.2585420568308196E+001,
    0.2585420568308196E+001,
    0.2585420568308196E+001,
    0.2585420568308196E+001,
    0.2585420568308196E+001,
    0.2585420568308196E+001,
    0.2585420568308196E+001,
    0.2585420568308196E+001,
    0.2585420568308196E+001,
    0.2585420568308196E+001,
    0.2585420568308196E+001,
    0.2585420568308196E+001,
    0.2585420568308196E+001,
    0.2585420568308196E+001,
    0.2585420568308196E+001,
    0.2585420568308196E+001,
    0.2585420568308196E+001,
    0.2585420568308196E+001,
    0.2585420568308196E+001,
    0.2585420568308196E+001,
    0.2585420568308196E+001,
    0.2585420568308196E+001,
    0.2585420568308196E+001,
    0.2585420568308196E+001,
    0.2585420568308196E+001,
    0.2585420568308196E+001,
    0.2585420568308196E+001,
    0.2585420568308196E+001,
    0.2585420568308196E+001,
    0.2585420568308196E+001,
    0.2585420568308196E+001,
    0.2585420568308196E+001,
    0.2585420568308196E+001,
    0.2585420568308196E+001,
    0.5000000000000000E-002,
    0.1000000000000000E-001,
    0.1144754615630298E-001,
    0.1707773208336118E-001,
    0.2547698250165891E-001,
    0.3800719171734925E-001,
    0.5670006729192832E-001,
    0.8458656074402066E-001,
    0.1261883204064636E+000,
    0.1882508529362323E+000,
    0.2808372717623059E+000,
    0.4189599780332012E+000,
    0.6250148425531736E+000,
    0.9324125785131947E+000,
    0.1390996113017365E+001,
    0.2075122355722312E+001,
    0.3095718780894078E+001,
    0.4618269734289709E+001,
    0.6889648849982575E+001,
    0.1027814831247979E+002,
    0.1533319549857728E+002,
    0.2287443973853955E+002,
    0.3412465414666021E+002,
    0.5090800185445430E+002
  ],