{
"vfeff": "Feff8L (EXAFS)",
"vf85e": " 0.1",
"natt": 179,
"nph": 2,
"iatph": [
    1,
    8,
    2,
    0,
    0,
    0,
    0,
    0,
    0,
    0,
    0,
    0
  ],
"x": [
    0.0000000000000000E+000,
    0.0000000000000000E+000,
    0.0000000000000000E+000,
    -0.2132240000000000E+001,
    0.0000000000000000E+000,
    -0.0000000000000000E+000,
    0.2132240000000000E+001,
    -0.2132240000000000E+001,
    -0.2132240000000000E+001,
    0.0000000000000000E+000,
    -0.0000000000000000E+000,
    0.2132240000000000E+001,
    0.0000000000000000E+000,
    -0.0000000000000000E+000,
    0.2132240000000000E+001,
    -0.2132240000000000E+001,
    -0.2132240000000000E+001,
    0.2132240000000000E+001,
    0.2132240000000000E+001,
    -0.2132240000000000E+001,
    -0.2132240000000000E+001,
    -0.2132240000000000E+001,
    -0.2132240000000000E+001,
    0.2132240000000000E+001,
    0.2132240000000000E+001,
    0.2132240000000000E+001,
    0.2132240000000000E+001,
    0.0000000000000000E+000,
    0.0000000000000000E+000,
    -0.4264480000000000E+001,
    0.0000000000000000E+000,
    -0.0000000000000000E+000,
    0.4264480000000000E+001,
    -0.2132240000000000E+001,
    -0.2132240000000000E+001,
    0.0000000000000000E+000,
    -0.0000000000000000E+000,
    0.2132240000000000E+001,
    0.0000000000000000E+000,
    -0.0000000000000000E+000,
    0.2132240000000000E+001,
    -0.4264480000000000E+001,
    -0.4264480000000000E+001,
    0.0000000000000000E+000,
    -0.0000000000000000E+000,
    0.4264480000000000E+001,
    0.0000000000000000E+000,
    -0.0000000000000000E+000,
    0.4264480000000000E+001,
    -0.4264480000000000E+001,
    -0.2132240000000000E+001,
    -0.2132240000000000E+001,
    -0.4264480000000000E+001,
    0.4264480000000000E+001,
    0.2132240000000000E+001,
    0.2132240000000000E+001,
    0.4264480000000000E+001,
    -0.2132240000000000E+001,
    -0.2132240000000000E+001,
    -0.2132240000000000E+001,
    -0.2132240000000000E+001,
    0.2132240000000000E+001,
    0.2132240000000000E+001,
    0.2132240000000000E+001,
    0.2132240000000000E+001,
    -0.4264480000000000E+001,
    -0.2132240000000000E+001,
    -0.2132240000000000E+001,
    -0.4264480000000000E+001,
    -0.4264480000000000E+001,
    -0.2132240000000000E+001,
    -0.2132240000000000E+001,
    -0.4264480000000000E+001,
    0.4264480000000000E+001,
    0.2132240000000000E+001,
    0.2132240000000000E+001,
    0.4264480000000000E+001,
    0.4264480000000000E+001,
    0.2132240000000000E+001,
    0.2132240000000000E+001,
    0.4264480000000000E+001,
    -0.4264480000000000E+001,
    -0.4264480000000000E+001,
    0.0000000000000000E+000,
    -0.0000000000000000E+000,
    0.4264480000000000E+001,
    0.0000000000000000E+000,
    -0.0000000000000000E+000,
    0.4264480000000000E+001,
    -0.4264480000000000E+001,
    -0.4264480000000000E+001,
    0.4264480000000000E+001,
    0.4264480000000000E+001,
    0.0000000000000000E+000,
    0.0000000000000000E+000,
    -0.4264480000000000E+001,
    -0.4264480000000000E+001,
    -0.4264480000000000E+001,
    -0.4264480000000000E+001,
    0.4264480000000000E+001,
    0.4264480000000000E+001,
    0.4264480000000000E+001,
    0.4264480000000000E+001,
    -0.2132240000000000E+001,
    0.2132240000000000E+001,
    0.2132240000000000E+001,
    -0.2132240000000000E+001,
    -0.2132240000000000E+001,
    0.2132240000000000E+001,
    0.2132240000000000E+001,
    -0.2132240000000000E+001,
    -0.4264480000000000E+001,
    -0.4264480000000000E+001,
    -0.4264480000000000E+001,
    -0.4264480000000000E+001,
    0.4264480000000000E+001,
    0.4264480000000000E+001,
    0.4264480000000000E+001,
    0.4264480000000000E+001,
    -0.6396720000000000E+001,
    0.0000000000000000E+000,
    -0.0000000000000000E+000,
    0.6396720000000000E+001,
    -0.2132240000000000E+001,
    -0.2132240000000000E+001,
    0.0000000000000000E+000,
    -0.0000000000000000E+000,
    0.2132240000000000E+001,
    0.0000000000000000E+000,
    -0.0000000000000000E+000,
    0.2132240000000000E+001,
    -0.6396720000000000E+001,
    -0.6396720000000000E+001,
    0.0000000000000000E+000,
    -0.0000000000000000E+000,
    0.6396720000000000E+001,
    0.0000000000000000E+000,
    -0.0000000000000000E+000,
    0.6396720000000000E+001,
    -0.6396720000000000E+001,
    -0.2132240000000000E+001,
    -0.2132240000000000E+001,
    -0.6396720000000000E+001,
    0.6396720000000000E+001,
    0.2132240000000000E+001,
    0.2132240000000000E+001,
    0.6396720000000000E+001,
    -0.2132240000000000E+001,
    -0.2132240000000000E+001,
    -0.2132240000000000E+001,
    -0.2132240000000000E+001,
    0.2132240000000000E+001,
    0.2132240000000000E+001,
    0.2132240000000000E+001,
    0.2132240000000000E+001,
    -0.6396720000000000E+001,
    -0.2132240000000000E+001,
    -0.2132240000000000E+001,
    -0.6396720000000000E+001,
    -0.6396720000000000E+001,
    -0.2132240000000000E+001,
    -0.2132240000000000E+001,
    -0.6396720000000000E+001,
    0.6396720000000000E+001,
    0.2132240000000000E+001,
    0.2132240000000000E+001,
    0.6396720000000000E+001,
    0.6396720000000000E+001,
    0.2132240000000000E+001,
    0.2132240000000000E+001,
    0.6396720000000000E+001,
    -0.4264480000000000E+001,
    -0.4264480000000000E+001,
    -0.4264480000000000E+001,
    -0.4264480000000000E+001,
    0.4264480000000000E+001,
    0.4264480000000000E+001,
    0.4264480000000000E+001,
    0.4264480000000000E+001
  ],