{
"vfeff": "Feff8L (EXAFS)",
"vf85e": " 0.1",
"ntitle": 15,
"title": [
    "comment: None given                            Feff8L (EXAFS)       0.1",
    "Source:",
    "Structure Summary:  Fe2 O2",
    "Reduced formula:  FeO",
    "space group: (Fm-3m), space number:  (225)",
    "abc:  4.258326   3.015442   4.264480",
    "angles: 45.000000  90.000000  90.000000",
    "sites: 4",
    "mp-18905",
    "POT  Non-SCF, core-hole, AFOLP (folp(0)= 1.150)",
    "Abs   Z=26 Rmt= 1.357 Rnm= 1.418 K  shell",
    "Pot 1 Z=26 Rmt= 1.364 Rnm= 1.425",
    "Pot 2 Z= 8 Rmt= 1.020 Rnm= 1.067",
    "Gam_ch=1.309E+00 H-L exch",
    "Mu=-3.584E+00 kf=2.218E+00 Vint=-2.233E+01 Rs_int= 1.635"
  ],
"s02": 0.9411979606977590E+000,
"erelax": 0.2415949813548446E+001,
"wp": 0.8285644930428360E+000,
"edge": -0.1317042978041881E+000,
"emu": 0.2615619793176162E+003,
"gamach": 0.1308926501256764E+001,
"ne": 79,
"ne1": 59,
"ik0": 1,
"ereal": [
    -0.3583856488042802E+001,
    -0.3545756667231361E+001,
    -0.3431457204797039E+001,
    -0.3240958100739836E+001,
    -0.2974259355059752E+001,
    -0.2631360967756787E+001,
    -0.2212262938830940E+001,
    -0.1716965268282212E+001,
    -0.1145467956110603E+001,
    -0.4977710023161130E+000,
    0.2261255931012584E+000,
    0.1026221830141511E+001,
    0.1902517708804646E+001,
    0.2855013229090661E+001,
    0.3883708390999557E+001,
    0.4988603194531334E+001,
    0.6169697639685991E+001,
    0.7426991726463531E+001,
    0.8760485454863952E+001,
    0.1017017882488725E+002,
    0.1165607183653344E+002,
    0.1485645678469445E+002,
    0.1836164029934698E+002,
    0.2217162238049105E+002,
    0.2628640302812663E+002,
    0.3070598224225374E+002,
    0.3543036002287236E+002,
    0.4045953636998254E+002,
    0.4579351128358422E+002,
    0.5143228476367742E+002,
    0.5737585681026216E+002,
    0.6362422742333840E+002,
    0.7017739660290621E+002,
    0.7703536434896550E+002,
    0.8419813066151636E+002,
    0.9166569554055867E+002,
    0.9943805898609260E+002,
    0.1075152209981180E+003,
    0.1158971815766349E+003,
    0.1245839407216433E+003,
    0.1335754984331433E+003,
    0.1573878864402937E+003,
    0.1831052654880161E+003,
    0.2107276355763106E+003,
    0.2402549967051770E+003,
    0.2716873488746156E+003,
    0.3050246920846261E+003,
    0.3402670263352086E+003,
    0.3774143516263631E+003,
    0.4574239753303885E+003,
    0.5450535631967018E+003,
    0.6403031152253033E+003,
    0.7431726314161929E+003,
    0.8536621117693708E+003,
    0.9717715562848365E+003,
    0.1097500964962591E+004,
    0.1230850337802633E+004,
    0.1371819674804963E+004,
    0.1520408975969581E+004,
    -0.3583856488042802E+001,
    -0.3583856488042802E+001,
    -0.3583856488042802E+001,
    -0.3583856488042802E+001,
    -0.3583856488042802E+001,
    -0.3583856488042802E+001,
    -0.3583856488042802E+001,
    -0.3583856488042802E+001,
    -0.3583856488042802E+001,
    -0.3583856488042802E+001,
    -0.3583856488042802E+001,
    -0.3583856488042802E+001,
    -0.3583856488042802E+001,
    -0.3583856488042802E+001,
    -0.3583856488042802E+001,
    -0.3583856488042802E+001,
    -0.3583856488042802E+001,
    -0.3583856488042802E+001,
    -0.3583856488042802E+001,
    -0.3583856488042802E+001
  ],
"eimag": [
    0.6544632506283820E+000,
    0.6544632506283820E+000,
    0.6544632506283820E+000,
    0.6544632506283820E+000,
    0.6544632506283820E+000,
    0.6544632506283820E+000,
    0.6544632506283820E+000,
    0.6544632506283820E+000,
    0.6544632506283820E+000,
    0.6544632506283820E+000,
    0.6544632506283820E+000,
    0.6544632506283820E+000,
    0.6544632506283820E+000,
    0.6544632506283820E+000,
    0.6544632506283820E+000,
    0.6544632506283820E+000,
    0.6544632506283820E+000,
    0.6544632506283820E+000,
    0.6544632506283820E+000,
    0.6544632506283820E+000,
    0.6544632506283820E+000,
    0.6544632506283820E+000,
    0.6544632506283820E+000,
    0.6544632506283820E+000,
    0.6544632506283820E+000,
    0.6544632506283820E+000,
    0.6544632506283820E+000,
    0.6544632506283820E+000,
    0.6544632506283820E+000,
    0.6544632506283820E+000,
    0.6544632506283820E+000,
    0.6544632506283820E+000,
    0.6544632506283820E+000,
    0.6544632506283820E+000,
    0.6544632506283820E+000,
    0.6544632506283820E+000,
    0.6544632506283820E+000,
    0.6544632506283820E+000,
    0.6544632506283820E+000,
    0.6544632506283820E+000,
    0.6544632506283820E+000,
    0.6544632506283820E+000,
    0.6544632506283820E+000,
    0.6544632506283820E+000,
    0.6544632506283820E+000,
    0.6544632506283820E+000,
    0.6544632506283820E+000,
    0.6544632506283820E+000,
    0.6544632506283820E+000,
    0.6544632506283820E+000,
    0.6544632506283820E+000,
    0.6544632506283820E+000,
    0.6544632506283820E+000,
    0.6544632506283820E+000,
    0.6544632506283820E+000,
    0.6544632506283820E+000,
    0.6544632506283820E+000,
    0.6544632506283820E+000,
    0.6544632506283820E+000,
    0.5000000000000000E-002,
    0.1000000000000000E-001,
    0.1435283327037411E-001,
    0.2141191115387143E-001,
    0.3194281788304599E-001,
    0.4765308463018525E-001,
    0.7109004857009996E-001,
    0.1060538902133926E+000,
    0.1582138127012749E+000,
    0.2360272732957520E+000,
    0.3521113156195287E+000,
    0.5252883569601733E+000,
    0.7836381442965901E+000,
    0.1169050737675427E+001,
    0.1744018763259949E+001,
    0.2601770264180974E+001,
    0.3881385137693830E+001,
    0.5790346209469416E+001,
    0.8638181483179990E+001,
    0.1288665247931541E+002
  ],
"xsnorm": [
    0.2698344942654223E-003,
    0.2701050541935203E-003,
    0.2709092965453070E-003,
    0.2722302148159605E-003,
    0.2740389371500721E-003,
    0.2762969874803986E-003,
    0.2789559854118273E-003,
    0.2819581094155628E-003,
    0.2852403561952245E-003,
    0.2887323756076758E-003,
    0.2923595218373874E-003,
    0.2960449784079683E-003,
    0.2997077963839278E-003,
    0.3032673035507108E-003,
    0.3066434376233383E-003,
    0.3097576792854757E-003,
    0.3125344198322148E-003,
    0.3149034224358307E-003,
    0.3168025264762855E-003,
    0.3181786513509968E-003,
    0.3189907310050499E-003,
    0.3188085572244549E-003,
    0.3138581937993426E-003,
    0.3167281740334004E-003,
    0.3220020068213976E-003,
    0.3227136124731229E-003,
    0.3227342123571210E-003,
    0.3224077801475558E-003,
    0.3216945890660806E-003,
    0.3212668029839599E-003,
    0.3209467225194318E-003,
    0.3208997006500296E-003,
    0.3211086106543164E-003,
    0.3215256850268584E-003,
    0.3219152721686522E-003,
    0.3222310431307391E-003,
    0.3224602382307231E-003,
    0.3222892854469904E-003,
    0.3218000928875828E-003,
    0.3209846417153936E-003,
    0.3197499539458737E-003,
    0.3155208055982648E-003,
    0.3106193450044102E-003,
    0.3060083683152017E-003,
    0.3016253745787446E-003,
    0.2982331505339528E-003,
    0.2951578363462554E-003,
    0.2920762489564436E-003,
    0.2887489381186724E-003,
    0.2816499225227587E-003,
    0.2736460876532012E-003,
    0.2650317399450157E-003,
    0.2561060845719965E-003,
    0.2467513631547736E-003,
    0.2372680330329363E-003,
    0.2276000455450063E-003,
    0.2180023019198258E-003,
    0.2083860099556133E-003,
    0.1989157419658287E-003,
    0.2696307079228728E-003,
    0.2696307436220668E-003,
    0.2696307940785992E-003,
    0.2696309142479799E-003,
    0.2696311816912884E-003,
    0.2696317768930889E-003,
    0.2696331015388145E-003,
    0.2696360495635408E-003,
    0.2696426098011304E-003,
    0.2696572106525401E-003,
    0.2696897026977613E-003,
    0.2697620012471435E-003,
    0.2699228364284871E-003,
    0.2702804441849846E-003,
    0.2710746464192436E-003,
    0.2728339480602190E-003,
    0.2767089627032392E-003,
    0.2851371393246895E-003,
    0.3029642105577494E-003,
    0.3383818671416532E-003
  ],