{
"vfeff": "Feff8L (EXAFS)",
"vf85e": " 0.1",
"natt": 7,
"x": [
    0.0000000000000000E+000,
    0.0000000000000000E+000,
    0.0000000000000000E+000,
    0.0000000000000000E+000,
    0.0000000000000000E+000,
    0.0000000000000000E+000,
    0.0000000000000000E+000
  ],
"y": [
    0.0000000000000000E+000,
    -0.2238210000000000E+001,
    0.2238210000000000E+001,
    -0.4476420000000000E+001,
    0.4476420000000000E+001,
    -0.6714640000000000E+001,
    0.6714640000000000E+001
  ],
"z": [
    0.0000000000000000E+000,
    0.0000000000000000E+000,
    0.0000000000000000E+000,
    0.0000000000000000E+000,
    0.0000000000000000E+000,
    0.0000000000000000E+000,
    0.0000000000000000E+000
  ],
"iphatx": [
    0,
    1,
    1,
    1,
    1,
    1,
    1
  ]
}
