{
"vfeff": "Feff8L (EXAFS)",
"vf85e": " 0.1",
"ntitle": 9,
"titles": [
    "comment: None given",
    "Source:",
    "Structure Summary:  Cu1",
    "Reduced formula:  Cu",
    "space group: (P2\/m), space number:  (10)",
    "abc:  2.238212  11.570254  22.223742",
    "angles:101.934242  90.000000  90.000000",
    "sites: 1",
    "mp-1056079",
    "",
    "",
    "",
    "",
    "",
    "",
    "",
    "",
    "",
    "",
    "",
    "",
    "",
    "",
    "",
    "",
    "",
    "",
    "",
    "",
    ""
  ],
"natt": 7,
"x": [
    0.0000000000000000E+000,
    0.0000000000000000E+000,
    0.0000000000000000E+000,
    0.0000000000000000E+000,
    0.0000000000000000E+000,
    0.0000000000000000E+000,
    0.0000000000000000E+000
  ],
"y": [
    0.0000000000000000E+000,
    -0.2238210000000000E+001,
    0.2238210000000000E+001,
    -0.4476420000000000E+001,
    0.4476420000000000E+001,
    -0.6714640000000000E+001,
    0.6714640000000000E+001
  ],
"z": [
    0.0000000000000000E+000,
    0.0000000000000000E+000,
    0.0000000000000000E+000,
    0.0000000000000000E+000,
    0.0000000000000000E+000,
    0.0000000000000000E+000,
    0.0000000000000000E+000
  ],
"iphatx": [
    0,
    1,
    1,
    1,
    1,
    1,
    1
  ],
"nph": 0,
"iz": [
    29,
    0,
    0,
    0,
    0,
    0,
    0,
    0,
    0,
    0,
    0,
    0
  ],
"potlbl": [
    "Cu",
    "",
    "",
    "",
    "",
    "",
    "",
    "",
    "",
    "",
    "",
    ""
  ],
"lmaxsc": [
    2,
    0,
    0,
    0,
    0,
    0,
    0,
    0,
    0,
    0,
    0,
    0
  ],
"lmaxph": [
    3,
    0,
    0,
    0,
    0,
    0,
    0,
    0,
    0,
    0,
    0,
    0
  ],
"xnatph": [
    0.1000000000000000E+001,
    0.0000000000000000E+000,
    0.0000000000000000E+000,
    0.0000000000000000E+000,
    0.0000000000000000E+000,
    0.0000000000000000E+000,
    0.0000000000000000E+000,
    0.0000000000000000E+000,
    0.0000000000000000E+000,
    0.0000000000000000E+000,
    0.0000000000000000E+000,
    0.0000000000000000E+000
  ],
"spinph": [
    0.0000000000000000E+000,
    0.0000000000000000E+000,
    0.0000000000000000E+000,
    0.0000000000000000E+000,
    0.0000000000000000E+000,
    0.0000000000000000E+000,
    0.0000000000000000E+000,
    0.0000000000000000E+000,
    0.0000000000000000E+000,
    0.0000000000000000E+000,
    0.0000000000000000E+000,
    0.0000000000000000E+000
  ],
"ihole": 1,
"rfms1": -0.1000000000000000E+001,
"lfms1": 0,
"nscmt": 0,
"ca1": 0.0000000000000000E+000,
"nmix": 1,
"ecv": -0.4000000000000000E+002,
"icoul": 0,
"ipol": 0,
"evec": [
    0.0000000000000000E+000,
    0.0000000000000000E+000,
    0.0000000000000000E+000
  ],
"elpty": 0.0000000000000000E+000,
"xivec": [
    0.0000000000000000E+000,
    0.0000000000000000E+000,
    0.0000000000000000E+000
  ],
"ispin": 0,
"spvec": [
    0.0000000000000000E+000,
    0.0000000000000000E+000,
    0.0000000000000000E+000
  ],
"angks": 0.0000000000000000E+000,
"ptz0": [
    0.0000000000000000E+000,
    0.0000000000000000E+000,
    0.0000000000000000E+000,
    0.0000000000000000E+000,
    0.0000000000000000E+000,
    0.0000000000000000E+000
  ],
"ptz1": [
    0.0000000000000000E+000,
    0.0000000000000000E+000,
    0.0000000000000000E+000,
    0.0000000000000000E+000,
    0.0000000000000000E+000,
    0.0000000000000000E+000
  ],
"ptz2": [
    0.0000000000000000E+000,
    0.0000000000000000E+000,
    0.0000000000000000E+000,
    0.0000000000000000E+000,
    0.0000000000000000E+000,
    0.0000000000000000E+000
  ],
"gamach": 0.1729188184905790E+001,
"ixc": 0,
"vro": 0.0000000000000000E+000,
"vio": 0.0000000000000000E+000,
"ixc0": 0,
"iafolp": 0,
"folp": [
    0.1150000000000000E+001,
    0.1150000000000000E+001,
    0.1150000000000000E+001,
    0.1150000000000000E+001,
    0.1150000000000000E+001,
    0.1150000000000000E+001,
    0.1150000000000000E+001,
    0.1150000000000000E+001,
    0.1150000000000000E+001,
    0.1150000000000000E+001,
    0.1150000000000000E+001,
    0.1150000000000000E+001
  ],
"xion": [
    0.0000000000000000E+000,
    0.0000000000000000E+000,
    0.0000000000000000E+000,
    0.0000000000000000E+000,
    0.0000000000000000E+000,
    0.0000000000000000E+000,
    0.0000000000000000E+000,
    0.0000000000000000E+000,
    0.0000000000000000E+000,
    0.0000000000000000E+000,
    0.0000000000000000E+000,
    0.0000000000000000E+000
  ],
"rgrd": 0.5000000074505806E-001,
"iunf": 0,
"inters": 0,
"totvol": 0.0000000000000000E+000,
"jumprm": 0,
"nohole": -1,
"iplsmn": 0
}
