{
"vfeff": "Feff8L (EXAFS)",
"vf85e": " 0.1",
"natt": 177,
"nph": 1,
"iatph": [
    1,
    2,
    0,
    0,
    0,
    0,
    0,
    0,
    0,
    0,
    0,
    0
  ],
"x": [
    0.0000000000000000E+000,
    -0.2128080000000000E+001,
    -0.2128080000000000E+001,
    0.2128080000000000E+001,
    0.2128080000000000E+001,
    0.0000000000000000E+000,
    0.0000000000000000E+000,
    -0.1418720000000000E+001,
    0.1418720000000000E+001,
    0.7093610000000000E+000,
    0.7093610000000000E+000,
    -0.7093610000000000E+000,
    -0.7093610000000000E+000,
    -0.2837440000000000E+001,
    0.2837440000000000E+001,
    -0.1418720000000000E+001,
    0.1418720000000000E+001,
    0.1418720000000000E+001,
    -0.1418720000000000E+001,
    -0.1418720000000000E+001,
    0.1418720000000000E+001,
    -0.7093620000000000E+000,
    -0.7093620000000000E+000,
    0.7093620000000000E+000,
    0.7093620000000000E+000,
    0.2837440000000000E+001,
    0.2837440000000000E+001,
    -0.2837440000000000E+001,
    -0.2837440000000000E+001,
    -0.2128080000000000E+001,
    0.2128080000000000E+001,
    0.2128080000000000E+001,
    -0.2128080000000000E+001,
    0.7093610000000000E+000,
    -0.7093610000000000E+000,
    -0.7093610000000000E+000,
    0.7093610000000000E+000,
    -0.4256170000000000E+001,
    0.4256170000000000E+001,
    -0.3546810000000000E+001,
    0.3546810000000000E+001,
    -0.3546810000000000E+001,
    0.3546810000000000E+001,
    -0.1418720000000000E+001,
    -0.1418720000000000E+001,
    0.1418720000000000E+001,
    0.1418720000000000E+001,
    -0.2837450000000000E+001,
    0.2837450000000000E+001,
    0.0000000000000000E+000,
    0.0000000000000000E+000,
    0.4256170000000000E+001,
    -0.4256170000000000E+001,
    0.4256170000000000E+001,
    -0.4256170000000000E+001,
    -0.3546800000000000E+001,
    -0.3546800000000000E+001,
    0.3546800000000000E+001,
    0.3546800000000000E+001,
    -0.7093620000000000E+000,
    -0.7093620000000000E+000,
    0.7093620000000000E+000,
    0.7093620000000000E+000,
    -0.2837450000000000E+001,
    -0.2837450000000000E+001,
    0.2837450000000000E+001,
    0.2837450000000000E+001,
    0.1418720000000000E+001,
    0.1418720000000000E+001,
    -0.1418720000000000E+001,
    -0.1418720000000000E+001,
    -0.4965530000000000E+001,
    0.4965530000000000E+001,
    0.4965530000000000E+001,
    -0.4965530000000000E+001,
    -0.3546810000000000E+001,
    0.3546810000000000E+001,
    0.3546810000000000E+001,
    -0.3546810000000000E+001,
    -0.2837440000000000E+001,
    0.2837440000000000E+001,
    -0.2837440000000000E+001,
    0.2837440000000000E+001,
    -0.1000000000000000E-005,
    0.1000000000000000E-005,
    0.5674890000000000E+001,
    -0.5674890000000000E+001,
    -0.3546800000000000E+001,
    -0.3546800000000000E+001,
    0.3546800000000000E+001,
    0.3546800000000000E+001,
    -0.1418720000000000E+001,
    -0.1418720000000000E+001,
    0.1418720000000000E+001,
    0.1418720000000000E+001,
    -0.6384250000000000E+001,
    -0.6384250000000000E+001,
    0.6384250000000000E+001,
    0.6384250000000000E+001,
    -0.2128080000000000E+001,
    -0.2128080000000000E+001,
    -0.2128080000000000E+001,
    -0.2128080000000000E+001,
    0.2128080000000000E+001,
    0.2128080000000000E+001,
    0.2128080000000000E+001,
    0.2128080000000000E+001,
    -0.4965530000000000E+001,
    -0.4965530000000000E+001,
    0.4965530000000000E+001,
    0.4965530000000000E+001,
    -0.2128080000000000E+001,
    0.2128080000000000E+001,
    0.2128080000000000E+001,
    -0.2128080000000000E+001,
    -0.1000000000000000E-005,
    -0.1000000000000000E-005,
    0.1000000000000000E-005,
    0.1000000000000000E-005,
    -0.5674890000000000E+001,
    0.5674890000000000E+001,
    0.5674890000000000E+001,
    -0.5674890000000000E+001,
    0.7093610000000000E+000,
    -0.7093610000000000E+000,
    0.7093610000000000E+000,
    -0.7093610000000000E+000,
    0.4256170000000000E+001,
    -0.4256170000000000E+001,
    -0.4256170000000000E+001,
    0.4256170000000000E+001,
    0.4965530000000000E+001,
    -0.4965530000000000E+001,
    -0.4965530000000000E+001,
    0.4965530000000000E+001,
    -0.5674890000000000E+001,
    0.5674890000000000E+001,
    -0.2837450000000000E+001,
    -0.2837450000000000E+001,
    0.2837450000000000E+001,
    0.2837450000000000E+001,
    -0.5674890000000000E+001,
    -0.5674890000000000E+001,
    0.5674890000000000E+001,
    0.5674890000000000E+001,
    -0.7093610000000000E+001,
    0.7093610000000000E+001,
    -0.6384250000000000E+001,
    0.6384250000000000E+001,
    -0.6384250000000000E+001,
    0.6384250000000000E+001,
    0.7093620000000000E+000,
    0.7093620000000000E+000,
    -0.7093620000000000E+000,
    -0.7093620000000000E+000,
    -0.2128080000000000E+001,
    -0.2128080000000000E+001,
    0.2128080000000000E+001,
    0.2128080000000000E+001,
    -0.2128080000000000E+001,
    -0.2128080000000000E+001,
    0.2128080000000000E+001,
    0.2128080000000000E+001,
    -0.4965530000000000E+001,
    -0.4965530000000000E+001,
    0.4965530000000000E+001,
    0.4965530000000000E+001,
    -0.4256170000000000E+001,
    0.4256170000000000E+001,
    -0.4256170000000000E+001,
    0.4256170000000000E+001,
    0.0000000000000000E+000,
    0.0000000000000000E+000,
    0.3546810000000000E+001,
    -0.3546810000000000E+001,
    0.3546810000000000E+001,
    -0.3546810000000000E+001
  ],