{
"vfeff": "Feff8L (EXAFS)",
"vf85e": " 0.1",
"natt": 159,
"nph": 1,
"iatph": [
    1,
    2,
    0,
    0,
    0,
    0,
    0,
    0,
    0,
    0,
    0,
    0
  ],
"x": [
    0.0000000000000000E+000,
    -0.2448020000000000E+001,
    0.2448020000000000E+001,
    -0.1224010000000000E+001,
    0.1224010000000000E+001,
    0.1224010000000000E+001,
    -0.1224010000000000E+001,
    0.2000000000000000E-005,
    0.2000000000000000E-005,
    -0.1224010000000000E+001,
    -0.1224010000000000E+001,
    0.1224010000000000E+001,
    0.1224010000000000E+001,
    -0.2448020000000000E+001,
    -0.2448020000000000E+001,
    0.2448020000000000E+001,
    0.2448020000000000E+001,
    0.2000000000000000E-005,
    0.2000000000000000E-005,
    0.0000000000000000E+000,
    0.0000000000000000E+000,
    -0.3672030000000000E+001,
    -0.3672030000000000E+001,
    0.3672030000000000E+001,
    0.3672030000000000E+001,
    0.0000000000000000E+000,
    0.0000000000000000E+000,
    -0.3672030000000000E+001,
    -0.3672030000000000E+001,
    -0.1224010000000000E+001,
    -0.1224010000000000E+001,
    0.1224010000000000E+001,
    0.1224010000000000E+001,
    -0.2448020000000000E+001,
    -0.2448020000000000E+001,
    0.2448020000000000E+001,
    0.2448020000000000E+001,
    0.3672040000000000E+001,
    0.3672040000000000E+001,
    -0.2448020000000000E+001,
    -0.2448020000000000E+001,
    0.2448020000000000E+001,
    0.2448020000000000E+001,
    0.1224010000000000E+001,
    0.1224010000000000E+001,
    0.1224010000000000E+001,
    0.1224010000000000E+001,
    -0.1224010000000000E+001,
    -0.1224010000000000E+001,
    -0.1224010000000000E+001,
    -0.1224010000000000E+001,
    -0.2448020000000000E+001,
    -0.2448020000000000E+001,
    0.2448020000000000E+001,
    0.2448020000000000E+001,
    -0.4896050000000000E+001,
    0.4896050000000000E+001,
    -0.4896040000000000E+001,
    -0.4896040000000000E+001,
    -0.3672030000000000E+001,
    -0.3672030000000000E+001,
    0.4896050000000000E+001,
    0.4896050000000000E+001,
    0.1224010000000000E+001,
    0.1224010000000000E+001,
    -0.1224010000000000E+001,
    -0.1224010000000000E+001,
    0.3672040000000000E+001,
    0.3672040000000000E+001,
    -0.3672030000000000E+001,
    -0.3672030000000000E+001,
    -0.3672030000000000E+001,
    -0.3672030000000000E+001,
    0.3672030000000000E+001,
    0.3672030000000000E+001,
    0.3672030000000000E+001,
    0.3672030000000000E+001,
    0.0000000000000000E+000,
    0.0000000000000000E+000,
    0.0000000000000000E+000,
    0.0000000000000000E+000,
    0.2000000000000000E-005,
    0.2000000000000000E-005,
    -0.4896040000000000E+001,
    -0.4896040000000000E+001,
    0.4896050000000000E+001,
    0.4896050000000000E+001,
    0.2000000000000000E-005,
    0.2000000000000000E-005,
    -0.1224010000000000E+001,
    -0.1224010000000000E+001,
    0.1224010000000000E+001,
    0.1224010000000000E+001,
    -0.2448020000000000E+001,
    -0.2448020000000000E+001,
    -0.2448020000000000E+001,
    -0.2448020000000000E+001,
    0.2448020000000000E+001,
    0.2448020000000000E+001,
    0.2448020000000000E+001,
    0.2448020000000000E+001,
    -0.4896050000000000E+001,
    0.4896050000000000E+001,
    -0.4896050000000000E+001,
    0.4896050000000000E+001,
    -0.1224010000000000E+001,
    -0.1224010000000000E+001,
    0.1224010000000000E+001,
    0.1224010000000000E+001,
    -0.6120060000000000E+001,
    -0.6120060000000000E+001,
    0.6120060000000000E+001,
    0.6120060000000000E+001,
    -0.4896050000000000E+001,
    0.4896050000000000E+001,
    0.4896050000000000E+001,
    -0.4896050000000000E+001,
    -0.2448020000000000E+001,
    -0.2448020000000000E+001,
    0.2448020000000000E+001,
    0.2448020000000000E+001,
    -0.6120050000000000E+001,
    -0.6120050000000000E+001,
    -0.3672030000000000E+001,
    -0.3672030000000000E+001,
    0.6120060000000000E+001,
    0.6120060000000000E+001,
    0.3672040000000000E+001,
    0.3672040000000000E+001,
    -0.2448020000000000E+001,
    -0.2448020000000000E+001,
    0.2448020000000000E+001,
    0.2448020000000000E+001,
    0.2000000000000000E-005,
    0.2000000000000000E-005,
    -0.3672030000000000E+001,
    -0.3672030000000000E+001,
    -0.1224010000000000E+001,
    -0.1224010000000000E+001,
    0.1224010000000000E+001,
    0.1224010000000000E+001,
    -0.2448020000000000E+001,
    -0.2448020000000000E+001,
    0.2448020000000000E+001,
    0.2448020000000000E+001,
    0.3672040000000000E+001,
    0.3672040000000000E+001,
    -0.3672030000000000E+001,
    -0.3672030000000000E+001,
    0.3672030000000000E+001,
    0.3672030000000000E+001,
    -0.7344070000000000E+001,
    0.7344070000000000E+001,
    -0.6120050000000000E+001,
    -0.6120050000000000E+001,
    0.2000000000000000E-005,
    0.2000000000000000E-005,
    0.6120060000000000E+001,
    0.6120060000000000E+001
  ],