{
"vfeff": "Feff8L (EXAFS)",
"vf85e": " 0.1",
"ntitle": 14,
"title": [
    "comment: None given                            Feff8L (EXAFS)       0.1",
    "Source:",
    "Structure Summary:  Ni2",
    "Reduced formula:  Ni",
    "space group: (P6_3\/mmc), space number:  (194)",
    "abc:  2.448023   2.448023   4.072808",
    "angles: 90.000000  90.000000 120.000002",
    "sites: 2",
    "mp-10257",
    "POT  Non-SCF, core-hole, AFOLP (folp(0)= 1.150)",
    "Abs   Z=28 Rmt= 1.311 Rnm= 1.347 K  shell",
    "Pot 1 Z=28 Rmt= 1.318 Rnm= 1.355",
    "Gam_ch=1.576E+00 H-L exch",
    "Mu=-1.189E+01 kf=2.095E+00 Vint=-2.862E+01 Rs_int= 1.731"
  ],
"s02": 0.9512224832085679E+000,
"erelax": 0.2678705754514821E+001,
"wp": 0.7606538934688893E+000,
"edge": -0.4369597853849774E+000,
"emu": 0.3065853147085001E+003,
"gamach": 0.1575916707690781E+001,
"ne": 80,
"ne1": 59,
"ik0": 1,
"ereal": [
    -0.1189028139532697E+002,
    -0.1185218157451553E+002,
    -0.1173788211208121E+002,
    -0.1154738300802401E+002,
    -0.1128068426234392E+002,
    -0.1093778587504096E+002,
    -0.1051868784611511E+002,
    -0.1002339017556638E+002,
    -0.9451892863394775E+001,
    -0.8804195909600285E+001,
    -0.8080299314182913E+001,
    -0.7280203077142661E+001,
    -0.6403907198479525E+001,
    -0.5451411678193511E+001,
    -0.4422716516284615E+001,
    -0.3317821712752838E+001,
    -0.2136727267598180E+001,
    -0.8794331808206401E+000,
    0.4540605475797807E+000,
    0.1863753917603081E+001,
    0.3349646929249266E+001,
    0.6550031877410276E+001,
    0.1005521539206281E+002,
    0.1386519747320687E+002,
    0.1797997812084246E+002,
    0.2239955733496957E+002,
    0.2712393511558820E+002,
    0.3215311146269836E+002,
    0.3748708637630004E+002,
    0.4312585985639324E+002,
    0.4906943190297798E+002,
    0.5531780251605423E+002,
    0.6187097169562205E+002,
    0.6872893944168132E+002,
    0.7589170575423219E+002,
    0.8335927063327451E+002,
    0.9113163407880842E+002,
    0.9920879609083379E+002,
    0.1075907566693508E+003,
    0.1162775158143592E+003,
    0.1252690735258592E+003,
    0.1490814615330096E+003,
    0.1747988405807320E+003,
    0.2024212106690264E+003,
    0.2319485717978928E+003,
    0.2633809239673313E+003,
    0.2967182671773419E+003,
    0.3319606014279244E+003,
    0.3691079267190789E+003,
    0.4491175504231043E+003,
    0.5367471382894176E+003,
    0.6319966903180190E+003,
    0.7348662065089087E+003,
    0.8453556868620865E+003,
    0.9634651313775523E+003,
    0.1089194540055307E+004,
    0.1222543912895349E+004,
    0.1363513249897679E+004,
    0.1512102551062297E+004,
    -0.1189028139532697E+002,
    -0.1189028139532697E+002,
    -0.1189028139532697E+002,
    -0.1189028139532697E+002,
    -0.1189028139532697E+002,
    -0.1189028139532697E+002,
    -0.1189028139532697E+002,
    -0.1189028139532697E+002,
    -0.1189028139532697E+002,
    -0.1189028139532697E+002,
    -0.1189028139532697E+002,
    -0.1189028139532697E+002,
    -0.1189028139532697E+002,
    -0.1189028139532697E+002,
    -0.1189028139532697E+002,
    -0.1189028139532697E+002,
    -0.1189028139532697E+002,
    -0.1189028139532697E+002,
    -0.1189028139532697E+002,
    -0.1189028139532697E+002,
    -0.1189028139532697E+002
  ],
"eimag": [
    0.7879583538453905E+000,
    0.7879583538453905E+000,
    0.7879583538453905E+000,
    0.7879583538453905E+000,
    0.7879583538453905E+000,
    0.7879583538453905E+000,
    0.7879583538453905E+000,
    0.7879583538453905E+000,
    0.7879583538453905E+000,
    0.7879583538453905E+000,
    0.7879583538453905E+000,
    0.7879583538453905E+000,
    0.7879583538453905E+000,
    0.7879583538453905E+000,
    0.7879583538453905E+000,
    0.7879583538453905E+000,
    0.7879583538453905E+000,
    0.7879583538453905E+000,
    0.7879583538453905E+000,
    0.7879583538453905E+000,
    0.7879583538453905E+000,
    0.7879583538453905E+000,
    0.7879583538453905E+000,
    0.7879583538453905E+000,
    0.7879583538453905E+000,
    0.7879583538453905E+000,
    0.7879583538453905E+000,
    0.7879583538453905E+000,
    0.7879583538453905E+000,
    0.7879583538453905E+000,
    0.7879583538453905E+000,
    0.7879583538453905E+000,
    0.7879583538453905E+000,
    0.7879583538453905E+000,
    0.7879583538453905E+000,
    0.7879583538453905E+000,
    0.7879583538453905E+000,
    0.7879583538453905E+000,
    0.7879583538453905E+000,
    0.7879583538453905E+000,
    0.7879583538453905E+000,
    0.7879583538453905E+000,
    0.7879583538453905E+000,
    0.7879583538453905E+000,
    0.7879583538453905E+000,
    0.7879583538453905E+000,
    0.7879583538453905E+000,
    0.7879583538453905E+000,
    0.7879583538453905E+000,
    0.7879583538453905E+000,
    0.7879583538453905E+000,
    0.7879583538453905E+000,
    0.7879583538453905E+000,
    0.7879583538453905E+000,
    0.7879583538453905E+000,
    0.7879583538453905E+000,
    0.7879583538453905E+000,
    0.7879583538453905E+000,
    0.7879583538453905E+000,
    0.5000000000000000E-002,
    0.1000000000000000E-001,
    0.1158344780999619E-001,
    0.1728047352679100E-001,
    0.2577943719420296E-001,
    0.3845840109760396E-001,
    0.5737319258919970E-001,
    0.8559074568709722E-001,
    0.1276863883055447E+000,
    0.1904857076268251E+000,
    0.2841712831853717E+000,
    0.4239337386163489E+000,
    0.6324348214312679E+000,
    0.9434818862595125E+000,
    0.1407509579699113E+001,
    0.2099757553161820E+001,
    0.3132470176865606E+001,
    0.4673096374472827E+001,
    0.6971440585896444E+001,
    0.1040016724417905E+002,
    0.1551522635446604E+002
  ],
"xsnorm": [
    0.2073202038595678E-003,
    0.2075890691006434E-003,
    0.2083894063234057E-003,
    0.2097044853970846E-003,
    0.2115066372281172E-003,
    0.2137580238303444E-003,
    0.2164115064246162E-003,
    0.2194117653640625E-003,
    0.2226965051991017E-003,
    0.2261979083831200E-003,
    0.2298441241230161E-003,
    0.2335608924271033E-003,
    0.2372732034469778E-003,
    0.2409073148934346E-003,
    0.2443920186821186E-003,
    0.2476610111714839E-003,
    0.2506545004282793E-003,
    0.2533208068179685E-003,
    0.2556186225387289E-003,
    0.2575180384813740E-003,
    0.2590021234137500E-003,
    0.2607248911992795E-003,
    0.2596122241830730E-003,
    0.2613458247501374E-003,
    0.2634773008443555E-003,
    0.2649560145320176E-003,
    0.2664292975968478E-003,
    0.2674911212711904E-003,
    0.2682129737989387E-003,
    0.2689995944613788E-003,
    0.2696390866124283E-003,
    0.2703587058935826E-003,
    0.2710693886029149E-003,
    0.2717178578054474E-003,
    0.2721895413532340E-003,
    0.2725628484081949E-003,
    0.2727901301178936E-003,
    0.2726924488809322E-003,
    0.2724263863977647E-003,
    0.2719969508589765E-003,
    0.2713094518932002E-003,
    0.2690057235750977E-003,
    0.2662328678108346E-003,
    0.2632269340618613E-003,
    0.2598922586898116E-003,
    0.2563742584466234E-003,
    0.2530172148212135E-003,
    0.2501784804608330E-003,
    0.2478068156654058E-003,
    0.2428347642840805E-003,
    0.2369954055826790E-003,
    0.2307163743555085E-003,
    0.2240081499967074E-003,
    0.2169842116815697E-003,
    0.2097765887182209E-003,
    0.2023530047021564E-003,
    0.1949480087874256E-003,
    0.1873959055430380E-003,
    0.1798730395570826E-003,
    0.2070125397307056E-003,
    0.2070125769200759E-003,
    0.2070125938666449E-003,
    0.2070126754047278E-003,
    0.2070128568710794E-003,
    0.2070132607313338E-003,
    0.2070141595365584E-003,
    0.2070161598525278E-003,
    0.2070206115800973E-003,
    0.2070305187964231E-003,
    0.2070525662878356E-003,
    0.2071016268479999E-003,
    0.2072107782876315E-003,
    0.2074535267840102E-003,
    0.2079929197950026E-003,
    0.2091891405260273E-003,
    0.2118305597172533E-003,
    0.2176069051319670E-003,
    0.2299648433787126E-003,
    0.2550849730425258E-003,
    0.2999256454845364E-003
  ],